0.0416725,0.0641579, ,0.998864,0.00113552,1.41499e-07,2.74802e-07,1
0.0304605,0.0373135, ,0.998922,0.00107781,1.33363e-07,2.59922e-07,1
0.1787,0.0204975, ,0.998277,0.00172224,2.08277e-07,3.89897e-07,1
-0.0144918,0.0665617, ,0.998884,0.00111605,1.37774e-07,2.6704e-07,1
-0.126943,-0.0503909, ,0.998102,0.00189728,1.50561e-07,2.83396e-07,1
0.0441366,0.0280449, ,0.998916,0.00108372,1.34182e-07,2.61526e-07,1
0.090218,0.229685, ,0.996394,0.00360502,3.11924e-07,5.65618e-07,1
0.0436989,0.103655, ,0.998708,0.00129125,1.57028e-07,3.02708e-07,1
-0.0072648,0.0247449, ,0.99892,0.00107915,1.28444e-07,2.50303e-07,1
0.0038392,0.0035264, ,0.998914,0.00108527,1.26611e-07,2.47156e-07,1
0.063837,0.0769725, ,0.998774,0.00122596,1.50837e-07,2.91752e-07,1
0.0844933,0.153117, ,0.998096,0.00190304,2.03228e-07,3.83959e-07,1
-0.0379995,0.0032622, ,0.998845,0.0011543,1.27293e-07,2.47309e-07,1
0.0897072,0.111551, ,0.998473,0.00152662,1.75864e-07,3.36201e-07,1
0.0552024,0.109517, ,0.998641,0.00135858,1.62661e-07,3.12836e-07,1
0.0610012,0.157842, ,0.998192,0.0018076,1.98022e-07,3.74944e-07,1
0.0245349,0.0323663, ,0.998928,0.00107114,1.3172e-07,2.56854e-07,1
0.078406,0.0272364, ,0.998852,0.00114719,1.43263e-07,2.78032e-07,1
0.0931545,-0.0043492, ,0.998822,0.0011778,1.46345e-07,2.83356e-07,1
0.0517925,-0.117423, ,0.998378,0.00162188,1.54221e-07,2.96025e-07,1
0.01153,0.0793194, ,0.998856,0.00114396,1.42533e-07,2.76232e-07,1
-0.0507444,0.0488923, ,0.998845,0.00115442,1.36167e-07,2.62935e-07,1
0.0205399,0.0102785, ,0.998928,0.00107197,1.28512e-07,2.50916e-07,1
0.0051602,0.0853195, ,0.99884,0.00115931,1.44414e-07,2.79482e-07,1
0.0328563,0.140036, ,0.998492,0.00150782,1.76796e-07,3.37574e-07,1
-0.0666813,-0.0207643, ,0.998682,0.00131712,1.30269e-07,2.51473e-07,1
0.179283,0.0367367, ,0.998207,0.00179261,2.11712e-07,3.95844e-07,1
0.0226696,0.103462, ,0.998752,0.00124763,1.53613e-07,2.96315e-07,1
0.0831585,0.185831, ,0.997602,0.00239754,2.37127e-07,4.419e-07,1
0.0617352,0.044257, ,0.998869,0.00113103,1.41138e-07,2.74245e-07,1
-0.0158848,0.043819, ,0.998909,0.00109049,1.31895e-07,2.5637e-07,1
0.101834,-0.0963516, ,0.998491,0.0015081,1.66687e-07,3.18387e-07,1
0.0213905,0.0237677, ,0.998932,0.00106788,1.30077e-07,2.53808e-07,1
-0.0617885,0.0384607, ,0.998815,0.00118502,1.35661e-07,2.61566e-07,1
-0.071276,-0.106402, ,0.998051,0.00194825,1.44587e-07,2.7545e-07,1
0.0199735,0.0890714, ,0.998816,0.00118321,1.46963e-07,2.84357e-07,1
0.0877071,0.183979, ,0.997591,0.00240789,2.37308e-07,4.42174e-07,1
0.139981,0.099696, ,0.998189,0.0018104,1.99771e-07,3.77021e-07,1
0.0294577,0.0588618, ,0.998892,0.00110766,1.38032e-07,2.68395e-07,1
-0.0250785,-0.0062687, ,0.998857,0.00114297,1.25897e-07,2.45137e-07,1
-0.012096,0.0017183, ,0.998894,0.00110553,1.2605e-07,2.45784e-07,1
0.0851151,-0.0348874, ,0.9988,0.00119995,1.44312e-07,2.79549e-07,1
0.0397864,0.0798357, ,0.99882,0.00117914,1.46238e-07,2.83333e-07,1
0.0272076,0.109758, ,0.998712,0.00128728,1.57311e-07,3.02991e-07,1
0.0482697,-0.101203, ,0.998515,0.00148419,1.46801e-07,2.83145e-07,1
0.0078295,0.0893817, ,0.998825,0.00117421,1.46156e-07,2.82669e-07,1
0.260983,0.0730273, ,0.996145,0.00385417,3.73993e-07,6.52703e-07,1
0.0827085,0.222463, ,0.996734,0.00326469,2.92788e-07,5.3453e-07,1
0.215525,0.141683, ,0.996136,0.00386318,3.34975e-07,5.96128e-07,1
0.119332,0.0881148, ,0.99845,0.0015499,1.79532e-07,3.42254e-07,1
0.157464,0.112897, ,0.997856,0.00214367,2.23545e-07,4.1717e-07,1
0.118004,0.18534, ,0.997195,0.00280471,2.60047e-07,4.79822e-07,1
0.180756,0.0772785, ,0.997916,0.00208356,2.27484e-07,4.22743e-07,1
0.121678,0.0754415, ,0.99851,0.0014897,1.75656e-07,3.35379e-07,1
0.0714592,0.177519, ,0.997848,0.00215096,2.21714e-07,4.15742e-07,1
-0.0861041,0.100379, ,0.998648,0.00135135,1.64863e-07,3.12059e-07,1
0.0260119,0.112034, ,0.998702,0.00129749,1.58348e-07,3.04819e-07,1
-0.0068412,-0.008995, ,0.998883,0.00111686,1.25625e-07,2.45095e-07,1
0.0882995,0.128974, ,0.998334,0.00166546,1.86112e-07,3.54192e-07,1
-0.0093864,0.0278493, ,0.998919,0.00108054,1.28888e-07,2.51065e-07,1
-0.115972,0.0502756, ,0.998568,0.00143196,1.5591e-07,2.94401e-07,1
-0.0383505,-0.137753, ,0.997871,0.00212851,1.5301e-07,2.90951e-07,1
0.13753,0.0439388, ,0.998545,0.00145427,1.76374e-07,3.3619e-07,1
0.0931009,0.139049, ,0.998198,0.00180112,1.95783e-07,3.71006e-07,1
0.0224706,0.0800557, ,0.998845,0.00115501,1.43782e-07,2.78678e-07,1
-0.105969,-0.173626, ,0.996397,0.00360261,1.92022e-07,3.50515e-07,1
0.0438645,0.098188, ,0.998736,0.00126392,1.54491e-07,2.98177e-07,1
0.10369,0.0305735, ,0.998763,0.00123655,1.54064e-07,2.97245e-07,1
0.0737818,-0.0208872, ,0.998849,0.0011505,1.39271e-07,2.70616e-07,1
0.136405,0.0932677, ,0.998276,0.00172309,1.93579e-07,3.66387e-07,1
-0.0680257,-0.0711084, ,0.998402,0.00159754,1.34934e-07,2.59238e-07,1
0.0914822,0.0855372, ,0.998629,0.00137084,1.63984e-07,3.15162e-07,1
0.0116127,-0.0137736, ,0.998892,0.00110716,1.26539e-07,2.47098e-07,1
0.186271,0.106408, ,0.997504,0.00249527,2.51956e-07,4.63553e-07,1
0.142945,0.0591133, ,0.99844,0.00155925,1.84468e-07,3.50267e-07,1
-0.0047843,0.117071, ,0.998711,0.00128903,1.5924e-07,3.0571e-07,1
0.0669675,0.0272767, ,0.99888,0.00111999,1.39636e-07,2.71498e-07,1
0.212335,0.176249, ,0.995143,0.00485567,3.82016e-07,6.69859e-07,1
0.178113,0.135495, ,0.997192,0.0028068,2.66196e-07,4.87623e-07,1
0.133648,0.185087, ,0.996953,0.00304596,2.74023e-07,5.02516e-07,1
-0.0320976,-0.014916, ,0.99882,0.00117998,1.26031e-07,2.45138e-07,1
0.134185,0.0510848, ,0.998541,0.00145852,1.75836e-07,3.35355e-07,1
0.130558,0.130093, ,0.997966,0.00203292,2.12627e-07,3.99424e-07,1
-0.161656,-0.0181775, ,0.997937,0.00206233,1.69288e-07,3.1301e-07,1
0.0282064,0.127836, ,0.998598,0.00140113,1.67821e-07,3.21669e-07,1
-0.023991,-0.0526437, ,0.9987,0.00129957,1.27619e-07,2.47996e-07,1
0.0341562,0.10401, ,0.998729,0.00127094,1.55453e-07,2.99781e-07,1
-0.0456522,0.0134148, ,0.998841,0.00115837,1.29059e-07,2.50269e-07,1
0.245739,0.0572379, ,0.996856,0.00314261,3.2595e-07,5.7908e-07,1
0.114301,0.218853, ,0.996337,0.00366184,3.10943e-07,5.63457e-07,1
0.0916517,0.0206523, ,0.99882,0.00117935,1.47393e-07,2.8537e-07,1
0.0605602,0.0397146, ,0.998878,0.00112131,1.39918e-07,2.72029e-07,1
0.0762256,0.125128, ,0.998439,0.00156091,1.78472e-07,3.40843e-07,1
0.0017984,0.0179559, ,0.998925,0.00107442,1.27822e-07,2.49355e-07,1
-0.0781935,0.158349, ,0.998351,0.00164844,2.0501e-07,3.81977e-07,1
0.15365,0.143044, ,0.997482,0.00251716,2.44744e-07,4.531e-07,1
-0.102366,0.0179728, ,0.998611,0.00138814,1.42836e-07,2.72208e-07,1
0.0846077,-0.0003765, ,0.998846,0.00115314,1.43051e-07,2.7751e-07,1
0.0171163,0.0260932, ,0.998932,0.00106766,1.29949e-07,2.53515e-07,1
0.0478765,0.0237134, ,0.998914,0.00108601,1.34353e-07,2.61852e-07,1
-0.0228689,0.0515518, ,0.998895,0.00110416,1.33949e-07,2.59895e-07,1
0.065668,0.0550352, ,0.998837,0.00116277,1.44726e-07,2.80745e-07,1
0.0220365,0.0910709, ,0.998806,0.00119319,1.48e-07,2.86253e-07,1
0.0496351,0.0797503, ,0.9988,0.00119913,1.48206e-07,2.86959e-07,1
0.133666,0.119369, ,0.998058,0.00194139,2.07154e-07,3.89941e-07,1
0.0204247,-0.0059338, ,0.99891,0.00108924,1.27564e-07,2.49134e-07,1
0.115806,-0.0266246, ,0.998725,0.00127448,1.58067e-07,3.03864e-07,1
0.0626387,0.0234371, ,0.998891,0.00110854,1.37896e-07,2.68334e-07,1
-0.0516201,-0.0010953, ,0.998797,0.00120229,1.28515e-07,2.49024e-07,1
0.0581506,0.153075, ,0.998262,0.00173716,1.92951e-07,3.66118e-07,1
0.127358,0.102467, ,0.99828,0.00171929,1.91989e-07,3.63862e-07,1
0.0737959,0.0486294, ,0.99883,0.00116973,1.45676e-07,2.82444e-07,1
0.0732635,-0.02668, ,0.99884,0.00116005,1.39385e-07,2.70784e-07,1
0.184848,0.14714, ,0.996819,0.00318035,2.88202e-07,5.23307e-07,1
0.035786,0.0542657, ,0.998894,0.00110568,1.37809e-07,2.68065e-07,1
0.160932,0.155523, ,0.997129,0.00287031,2.6605e-07,4.8825e-07,1
0.0715443,0.0115259, ,0.998878,0.00112176,1.39256e-07,2.70758e-07,1
0.0515095,0.0446232, ,0.998888,0.00111187,1.38676e-07,2.69753e-07,1
0.119709,0.107067, ,0.998304,0.00169498,1.89511e-07,3.59715e-07,1
-0.123563,-0.164965, ,0.996323,0.00367668,1.93941e-07,3.52386e-07,1
0.149375,0.0708964, ,0.998319,0.00168084,1.93705e-07,3.66178e-07,1
0.066871,0.106468, ,0.998617,0.00138243,1.64446e-07,3.16057e-07,1
0.0248557,0.114238, ,0.998692,0.00130773,1.59388e-07,3.06651e-07,1
0.228597,0.108879, ,0.996501,0.00349761,3.25244e-07,5.796e-07,1
0.0579226,0.0125189, ,0.998902,0.00109757,1.35482e-07,2.63914e-07,1
0.153759,0.123496, ,0.997772,0.00222766,2.27759e-07,4.24469e-07,1
0.0185556,0.171037, ,0.998221,0.00177865,2.01398e-07,3.8018e-07,1
0.115216,0.202291, ,0.996819,0.0031799,2.82681e-07,5.17333e-07,1
0.106686,0.0635745, ,0.998655,0.0013449,1.63189e-07,3.13561e-07,1
-0.0123588,0.120977, ,0.998692,0.0013078,1.61684e-07,3.09819e-07,1
-0.0404688,-0.0331003, ,0.998736,0.0012639,1.26961e-07,2.46447e-07,1
-0.0151086,0.0247914, ,0.998912,0.00108785,1.28468e-07,2.50156e-07,1
0.139566,0.147912, ,0.997606,0.00239342,2.35716e-07,4.38428e-07,1
0.0524773,0.077446, ,0.998802,0.00119743,1.48037e-07,2.86673e-07,1
0.0744742,0.0133607, ,0.998871,0.00112841,1.40349e-07,2.72735e-07,1
0.0852224,0.326849, ,0.989893,0.0101053,6.68764e-07,1.1028e-06,1
0.0223121,0.181662, ,0.998069,0.00193028,2.13056e-07,4.00354e-07,1
0.0229569,0.0721519, ,0.998867,0.00113247,1.41131e-07,2.73907e-07,1
0.0898892,0.104596, ,0.998522,0.00147757,1.72166e-07,3.29675e-07,1
0.002349,0.0901099, ,0.998825,0.00117426,1.46226e-07,2.8267e-07,1
-0.0575187,-0.0016437, ,0.998776,0.00122354,1.29346e-07,2.50292e-07,1
0.0272948,0.107823, ,0.998722,0.00127718,1.56332e-07,3.01247e-07,1
0.100605,0.0231142, ,0.998786,0.00121321,1.51566e-07,2.92782e-07,1
-0.0402926,-0.101671, ,0.998291,0.00170828,1.38729e-07,2.6666e-07,1
0.0779082,0.0613328, ,0.998783,0.00121611,1.50317e-07,2.908e-07,1
0.221533,0.194204, ,0.993942,0.00605663,4.42732e-07,7.61254e-07,1
0.0330566,0.0527047, ,0.9989,0.00109985,1.36995e-07,2.66558e-07,1
-0.0599066,-0.108001, ,0.998113,0.00188671,1.43076e-07,2.73343e-07,1
0.0918929,-0.063388, ,0.998694,0.00130586,1.51661e-07,2.92372e-07,1
0.0956851,-0.003579, ,0.998815,0.00118497,1.47439e-07,2.85303e-07,1
0.0464447,0.0845169, ,0.99879,0.00120999,1.49291e-07,2.88884e-07,1
-0.0705903,-0.0268017, ,0.998641,0.00135848,1.31074e-07,2.52701e-07,1
0.089824,0.16452, ,0.997897,0.00210207,2.16691e-07,4.07081e-07,1
0.0956605,0.13635, ,0.998209,0.00179066,1.9503e-07,3.69675e-07,1
0.0851742,-0.0775755, ,0.99864,0.00135949,1.52251e-07,2.93283e-07,1
-0.0176964,0.0758111, ,0.998862,0.00113726,1.4092e-07,2.72613e-07,1
0.166157,0.0721541, ,0.998139,0.00185997,2.09429e-07,3.92665e-07,1
-0.0285206,-0.0895025, ,0.99845,0.00154916,1.34614e-07,2.59973e-07,1
-0.0386144,-0.0272927, ,0.998763,0.00123651,1.2659e-07,2.45877e-07,1
0.0179172,0.124753, ,0.99864,0.00135914,1.64712e-07,3.15971e-07,1
0.148077,0.0408013, ,0.99848,0.00151969,1.83512e-07,3.48377e-07,1
0.0690775,0.121957, ,0.9985,0.00149982,1.73892e-07,3.32778e-07,1
0.0591552,0.102421, ,0.998669,0.00133032,1.60139e-07,3.08371e-07,1
0.0397186,0.0046672, ,0.998918,0.00108125,1.30923e-07,2.55503e-07,1
0.140704,0.0980135, ,0.998197,0.00180264,1.99408e-07,3.76371e-07,1
-0.0912586,0.181127, ,0.998078,0.00192146,2.37764e-07,4.36398e-07,1
0.031527,0.115446, ,0.998671,0.00132839,1.60969e-07,3.09571e-07,1
0.116426,0.0746264, ,0.998548,0.00145131,1.72225e-07,3.2943e-07,1
-0.0041172,0.0325194, ,0.998924,0.00107596,1.29705e-07,2.52677e-07,1
0.11477,0.0295205, ,0.998716,0.00128355,1.5952e-07,3.06815e-07,1
0.0804758,0.0557137, ,0.998791,0.00120807,1.49691e-07,2.8966e-07,1
0.0532568,0.0933911, ,0.998734,0.00126551,1.54465e-07,2.98209e-07,1
0.0803089,0.04298, ,0.998823,0.0011769,1.46662e-07,2.84191e-07,1
0.0620657,0.0312661, ,0.998886,0.00111383,1.38854e-07,2.70088e-07,1
0.0799729,0.1238, ,0.99843,0.00156991,1.79094e-07,3.41929e-07,1
0.0488297,0.136969, ,0.998463,0.00153658,1.77875e-07,3.39677e-07,1
0.107059,0.0475163, ,0.998709,0.00129095,1.59017e-07,3.06096e-07,1
-0.0047441,0.0402514, ,0.998921,0.001079,1.31114e-07,2.55228e-07,1
0.0809796,0.0072424, ,0.998857,0.00114285,1.42101e-07,2.75852e-07,1
0.0582623,0.130003, ,0.998483,0.00151612,1.75623e-07,3.35788e-07,1
0.108381,0.0565741, ,0.998673,0.00132686,1.61997e-07,3.11405e-07,1
0.0114715,0.0567992, ,0.998907,0.00109308,1.35599e-07,2.63705e-07,1
0.083998,0.0121656, ,0.998848,0.00115145,1.43564e-07,2.78497e-07,1
0.0407511,0.0676342, ,0.998856,0.00114313,1.4236e-07,2.7635e-07,1
0.0607354,0.247319, ,0.996205,0.00379374,3.3195e-07,5.98249e-07,1
0.119361,0.107251, ,0.998306,0.00169376,1.89395e-07,3.59519e-07,1
0.0827443,0.0418984, ,0.998817,0.00118228,1.4732e-07,2.85361e-07,1
0.0522591,-0.0249233, ,0.998869,0.00113107,1.33307e-07,2.59771e-07,1
0.0716811,0.0835829, ,0.998721,0.00127879,1.55698e-07,3.0047e-07,1
0.0141277,0.0770923, ,0.99886,0.00113911,1.41939e-07,2.75212e-07,1
0.193307,0.122404, ,0.997121,0.00287783,2.75051e-07,5.01292e-07,1
-0.0003678,0.0140246, ,0.998921,0.00107848,1.27302e-07,2.48357e-07,1
-0.139387,0.172098, ,0.997891,0.00210803,2.64298e-07,4.75378e-07,1
0.0631105,0.104739, ,0.998642,0.00135762,1.62415e-07,3.12439e-07,1
0.174528,0.0754446, ,0.998014,0.00198564,2.19585e-07,4.09644e-07,1
0.115916,0.127426, ,0.99814,0.0018591,2.00241e-07,3.78422e-07,1
0.181165,0.113672, ,0.99749,0.00250879,2.50835e-07,4.61976e-07,1
0.112269,0.120078, ,0.998246,0.00175322,1.92892e-07,3.6574e-07,1
0.117424,0.0421573, ,0.998672,0.00132709,1.63311e-07,3.13554e-07,1
-0.0025444,0.0159411, ,0.998921,0.00107899,1.27432e-07,2.48552e-07,1
0.546649,0.744693, ,0.00096848,0.99876,0.000265844,5.55552e-06,2
-0.905576,-0.637979, ,1.4944e-05,0.997288,0.00269512,1.9474e-06,2
-0.455119,-0.706709, ,0.00815358,0.991714,0.000128602,4.05152e-06,2
-0.417006,-0.791477, ,0.00203959,0.997757,0.000199749,3.16554e-06,2
-1.01447,0.0658868, ,0.000194546,0.998594,0.00120167,9.8171e-06,2
-0.657171,0.894112, ,1.49691e-05,0.995287,0.00467618,2.23391e-05,2
0.807721,-0.553203, ,0.00111481,0.995352,0.00345906,7.39976e-05,2
-0.253536,0.982959, ,6.74754e-05,0.999106,0.000816724,1.01496e-05,2
0.914574,-0.37883, ,0.000606587,0.996914,0.00243402,4.50381e-05,2
0.786848,-0.462919, ,0.00649511,0.991594,0.00182559,8.48692e-05,2
-1.06035,-0.0019895, ,5.71333e-05,0.998197,0.00173891,6.94734e-06,2
-0.261859,1.04645, ,1.11108e-05,0.998524,0.00145706,7.54226e-06,2
0.620632,0.62636, ,0.00290907,0.996902,0.000182145,6.59103e-06,2
0.333464,-0.832234, ,0.00149436,0.99822,0.000275364,9.99029e-06,2
0.782787,-0.40042, ,0.0142639,0.984423,0.00123076,8.26901e-05,2
-0.905293,-0.096847, ,0.00289559,0.996723,0.000371918,9.23781e-06,2
0.729842,-0.63206, ,0.00116334,0.996431,0.00234907,5.70072e-05,2
0.71617,-0.731842, ,0.000165381,0.996869,0.00293243,3.30601e-05,2
0.0856437,-1.02284, ,2.97169e-05,0.999398,0.000569349,2.55058e-06,2
-1.02676,-0.869858, ,3.29432e-07,0.912329,0.0876693,8.71715e-07,2
0.797284,-0.481589, ,0.00403479,0.993698,0.00218485,8.23236e-05,2
-0.969612,-0.370569, ,0.000100868,0.998722,0.00117315,3.5005e-06,2
0.729938,-0.727488, ,0.000147832,0.996517,0.00330046,3.4492e-05,2
0.599232,-0.804925, ,0.0001561,0.998445,0.00138109,1.80478e-05,2
-0.839041,0.467008, ,0.00169433,0.996347,0.00190398,5.42258e-05,2
0.0688495,-1.04055, ,1.87147e-05,0.999315,0.000664345,2.28775e-06,2
-0.408172,-0.958332, ,3.87206e-05,0.999099,0.000860467,1.68258e-06,2
-1.10346,-0.375637, ,4.08196e-06,0.994434,0.00555932,2.36969e-06,2
-0.685252,-0.562493, ,0.00383,0.995944,0.000222184,4.08276e-06,2
0.889551,-0.403033, ,0.000969098,0.996526,0.00245062,5.38218e-05,2
-0.349472,-0.772216, ,0.00587262,0.993995,0.00012865,3.87156e-06,2
-0.841604,0.562718, ,0.000449568,0.995844,0.00364741,5.88478e-05,2
1.02655,0.450535, ,5.11451e-06,0.998262,0.00173019,2.3968e-06,2
-0.938156,-0.486108, ,6.04729e-05,0.998495,0.00144139,2.76618e-06,2
-0.301499,-0.988745, ,3.93762e-05,0.99924,0.000719068,1.74415e-06,2
0.672101,0.81269, ,3.04252e-05,0.998975,0.000991432,3.07184e-06,2
0.494258,-0.912215, ,3.59867e-05,0.998812,0.00114396,8.17008e-06,2
-0.374505,-0.819577, ,0.0016139,0.998177,0.000206107,3.06618e-06,2
-0.16761,-1.00777, ,4.40937e-05,0.999378,0.000575922,1.94314e-06,2
-0.896801,-0.715323, ,5.3482e-06,0.995475,0.00451813,1.59077e-06,2
-0.90262,0.108244, ,0.00354577,0.995944,0.000493717,1.6842e-05,2
0.420129,-0.942311, ,3.43053e-05,0.99907,0.000889425,6.18117e-06,2
0.297604,0.953048, ,0.000112136,0.999324,0.000559008,4.85485e-06,2
-0.915834,-0.561547, ,3.70112e-05,0.998185,0.001776,2.3637e-06,2
0.376355,-1.01529, ,7.69995e-06,0.998745,0.00124367,3.87164e-06,2
0.928575,0.523262, ,2.24478e-05,0.99899,0.000985004,2.95519e-06,2
-0.961612,-0.277572, ,0.000271046,0.998927,0.000796951,4.62865e-06,2
0.561379,-0.991907, ,4.35538e-06,0.99681,0.00318044,5.6074e-06,2
0.537795,0.906457, ,2.87511e-05,0.998957,0.00101124,3.28937e-06,2
-0.226804,0.975638, ,9.73047e-05,0.999187,0.000705051,1.0202e-05,2
0.194129,0.918738, ,0.000536104,0.999136,0.000320638,6.83428e-06,2
0.291808,-0.960375, ,6.18047e-05,0.999382,0.000552014,4.66549e-06,2
0.211352,1.0401, ,1.8178e-05,0.998903,0.00107435,4.09083e-06,2
0.432537,0.983001, ,1.5351e-05,0.998711,0.00127069,3.25649e-06,2
0.049457,1.11856, ,3.62106e-06,0.99799,0.00200256,3.82247e-06,2
-0.304222,1.04222, ,9.71671e-06,0.998352,0.00162983,8.01007e-06,2
0.817451,-0.610564, ,0.000345321,0.994652,0.00493964,6.28792e-05,2
0.422887,-0.972483, ,1.53373e-05,0.998852,0.00112781,5.23146e-06,2
-0.122565,-0.959013, ,0.00019307,0.999473,0.000331199,2.57402e-06,2
-0.238719,1.05975, ,8.87848e-06,0.998451,0.00153299,6.92111e-06,2
0.827761,0.576291, ,0.000109273,0.999325,0.000562214,3.74519e-06,2
-0.851886,0.517349, ,0.000665098,0.996367,0.00291219,5.53026e-05,2
0.428303,0.76527, ,0.00300838,0.996804,0.000179982,7.16974e-06,2
-0.523154,0.82226, ,0.000445736,0.998384,0.00114029,2.99326e-05,2
-0.13373,0.914252, ,0.000829072,0.998819,0.000339525,1.20915e-05,2
0.248619,-0.871091, ,0.000990619,0.998757,0.000245152,7.04756e-06,2
0.0131904,-0.99167, ,8.36749e-05,0.999505,0.000408508,2.68962e-06,2
-0.0010129,0.875112, ,0.00287214,0.996909,0.000207569,1.17248e-05,2
-0.397889,-0.862228, ,0.000474449,0.999194,0.000328915,2.48769e-06,2
0.680843,0.551883, ,0.00340088,0.996418,0.000173935,6.86671e-06,2
0.314098,1.07972, ,3.74173e-06,0.997738,0.00225502,2.92808e-06,2
-0.883852,-0.271489, ,0.00189165,0.997732,0.000370641,5.95279e-06,2
-0.939066,0.352496, ,0.000405667,0.997647,0.00191881,2.82806e-05,2
-0.551857,0.818023, ,0.000343138,0.99826,0.00136594,3.12928e-05,2
-0.387271,1.04746, ,5.24335e-06,0.99755,0.00243607,8.36832e-06,2
-0.241754,-0.943083, ,0.000189993,0.999434,0.000373575,2.30566e-06,2
-0.143162,0.961121, ,0.000216285,0.999272,0.000501768,9.85523e-06,2
0.268044,-0.948576, ,0.000102086,0.999433,0.000460428,4.80464e-06,2
-1.01647,-0.0969493, ,0.000161989,0.998758,0.00107358,6.33053e-06,2
-0.702357,-0.726356, ,0.000160006,0.999065,0.0007732,2.29108e-06,2
-1.08837,-0.283285, ,1.04919e-05,0.996715,0.003271,3.11198e-06,2
-0.690616,-0.855193, ,1.36729e-05,0.997809,0.00217588,1.53501e-06,2
0.872016,0.519311, ,9.1508e-05,0.999315,0.000589943,3.73666e-06,2
-0.22353,-0.984876, ,6.70511e-05,0.999401,0.000529612,1.98285e-06,2
0.734921,-0.675373, ,0.000424376,0.996664,0.00286541,4.61297e-05,2
-0.929521,0.0242246, ,0.00191835,0.997559,0.000511003,1.1999e-05,2
-0.349831,-1.00122, ,2.02374e-05,0.998972,0.0010064,1.54794e-06,2
-0.44168,-0.798429, ,0.00135037,0.998408,0.000238676,2.94409e-06,2
-0.586562,0.808875, ,0.000270615,0.99801,0.00168572,3.36021e-05,2
1.04109,-0.275803, ,3.67762e-05,0.996899,0.00304702,1.69889e-05,2
0.376574,-0.928452, ,7.49275e-05,0.999281,0.000637581,6.27604e-06,2
0.40232,-0.876796, ,0.000241831,0.999231,0.000517967,8.71417e-06,2
0.287622,-0.989782, ,2.79534e-05,0.99928,0.00068809,3.96002e-06,2
0.156748,-1.01025, ,3.30502e-05,0.9994,0.000563996,2.98499e-06,2
-1.03103,0.326502, ,4.46376e-05,0.996312,0.00362584,1.79649e-05,2
0.0965063,0.946237, ,0.000372465,0.999254,0.000365728,7.30833e-06,2
0.741977,-0.66744, ,0.000446203,0.996521,0.00298412,4.83768e-05,2
0.819127,-0.554796, ,0.000851763,0.995236,0.00383944,7.25298e-05,2
0.771653,-0.60223, ,0.000974338,0.995844,0.00311627,6.57294e-05,2
-0.920809,-0.116678, ,0.00183943,0.997724,0.000427894,8.28495e-06,2
1.19981,0.20766, ,9.85842e-07,0.995016,0.00498131,1.96901e-06,2
-0.0410904,-0.996003, ,7.58276e-05,0.999492,0.000429908,2.44301e-06,2
0.0605666,1.05343, ,1.97635e-05,0.998976,0.00099945,4.93907e-06,2
-0.006135,-1.01048, ,4.97398e-05,0.999461,0.000487071,2.39472e-06,2
0.272615,-0.92473, ,0.000193238,0.99941,0.000391016,5.49499e-06,2
0.306714,1.11249, ,1.92473e-06,0.996768,0.00322722,2.63101e-06,2
-0.368501,-0.805975, ,0.00232971,0.997487,0.000180091,3.2711e-06,2
0.505313,-0.858738, ,0.000128186,0.998971,0.000889945,1.13411e-05,2
0.44636,-0.867731, ,0.000196118,0.999159,0.00063555,9.82497e-06,2
-0.594847,-0.764177, ,0.000410643,0.999127,0.000459363,2.4953e-06,2
-0.434587,-0.984752, ,1.54078e-05,0.998676,0.00130694,1.46175e-06,2
0.99768,-0.309822, ,9.83123e-05,0.997175,0.00270282,2.3906e-05,2
-0.339835,0.772296, ,0.0108077,0.988861,0.000299238,3.15705e-05,2
-0.888973,0.384832, ,0.00113534,0.997232,0.00159473,3.76795e-05,2
-0.196424,-1.10069, ,3.2129e-06,0.998316,0.00167949,1.25104e-06,2
0.840761,0.0298506, ,0.0119796,0.987777,0.000225023,1.88157e-05,2
-0.970773,-0.362409, ,0.000105864,0.99874,0.00115078,3.56792e-06,2
-0.0635982,-0.902543, ,0.000979548,0.998826,0.000190764,3.64785e-06,2
-0.93672,0.439303, ,0.000198519,0.996531,0.00323604,3.49276e-05,2
1.00781,-0.303616, ,7.73569e-05,0.997101,0.00279925,2.21956e-05,2
-0.571991,-0.71473, ,0.00156181,0.998167,0.000268429,3.10896e-06,2
0.845962,-0.587898, ,0.000287683,0.993902,0.00574525,6.50666e-05,2
0.114036,1.02506, ,3.96123e-05,0.999174,0.000781382,5.11648e-06,2
-0.681522,0.679993, ,0.00133233,0.996612,0.00199362,6.23371e-05,2
-0.704134,-0.609807, ,0.00127774,0.998377,0.000341449,3.34544e-06,2
-0.779519,-0.89602, ,1.76601e-06,0.992562,0.00743504,1.15701e-06,2
-1.09198,0.146638, ,2.10413e-05,0.9968,0.00317007,8.95449e-06,2
0.940946,0.311935, ,0.000175832,0.999336,0.000483164,5.09149e-06,2
-0.861786,0.519215, ,0.000512207,0.996265,0.00316924,5.35083e-05,2
-0.81995,0.754857, ,2.97703e-05,0.990491,0.0094363,4.33596e-05,2
0.664596,-0.514394, ,0.0335994,0.965424,0.000889193,8.74968e-05,2
1.04654,0.283022, ,1.3314e-05,0.998809,0.00117427,3.41331e-06,2
-1.00661,-0.392143, ,3.2873e-05,0.998046,0.00191766,2.97824e-06,2
-0.651627,-0.889447, ,1.15846e-05,0.997788,0.00219855,1.46459e-06,2
1.01047,-0.106958, ,0.000128662,0.998767,0.00109241,1.22371e-05,2
0.692426,-0.786155, ,6.93526e-05,0.996996,0.00291139,2.32474e-05,2
0.51091,0.909022, ,3.84673e-05,0.999065,0.000893393,3.49147e-06,2
-0.196244,-0.967863, ,0.000120127,0.999461,0.000416905,2.21987e-06,2
0.68956,0.410129, ,0.0207435,0.979141,0.000104534,1.04254e-05,2
0.710134,-0.762922, ,9.08995e-05,0.996754,0.00312732,2.73639e-05,2
0.958289,0.131351, ,0.000373541,0.999158,0.00046103,7.92314e-06,2
0.65172,0.627537, ,0.00164859,0.998125,0.000220294,5.93137e-06,2
0.264477,-0.957554, ,8.11824e-05,0.999427,0.000487565,4.55654e-06,2
-0.746603,-0.60426, ,0.000642416,0.998887,0.000467078,3.09128e-06,2
-1.0003,0.0255815, ,0.000293978,0.998717,0.000979247,9.2953e-06,2
-0.261919,0.930527, ,0.000283119,0.999145,0.000558723,1.32115e-05,2
0.537603,0.825449, ,0.000190144,0.999324,0.000481646,4.32625e-06,2
-0.990054,-0.279506, ,0.00012976,0.99879,0.00107573,4.22589e-06,2
-0.222764,-0.989129, ,5.98681e-05,0.999387,0.000551219,1.94929e-06,2
0.249817,-1.07131, ,4.18116e-06,0.998744,0.00124923,2.44718e-06,2
0.841822,0.437524, ,0.000549252,0.999125,0.000320301,5.35903e-06,2
0.755236,0.635886, ,0.000194085,0.999337,0.000465093,4.06438e-06,2
0.602411,-0.783874, ,0.000252804,0.998439,0.00128718,2.05568e-05,2
-1.02886,-0.373833, ,2.25478e-05,0.997695,0.00227919,2.93731e-06,2
1.10863,-0.224535, ,9.27746e-06,0.99594,0.00404047,9.99873e-06,2
-0.775256,0.696963, ,0.000170715,0.995088,0.00468634,5.52134e-05,2
0.915893,0.043691, ,0.00163566,0.997989,0.000363086,1.26362e-05,2
0.297463,1.14544, ,1.11526e-06,0.995333,0.00466393,2.3693e-06,2
0.663285,-0.611686, ,0.00553118,0.993216,0.00119394,5.90814e-05,2
-0.840575,-0.320197, ,0.00340442,0.996305,0.000284508,5.84922e-06,2
-0.428588,-0.978943, ,1.88975e-05,0.998791,0.00118855,1.50769e-06,2
1.00138,-0.0407189, ,0.000170405,0.998989,0.000830425,1.05669e-05,2
0.0735544,-1.01631, ,3.70097e-05,0.999431,0.000529545,2.59195e-06,2
0.251921,1.10214, ,3.10273e-06,0.99761,0.00238373,3.006e-06,2
-0.396623,-0.904716, ,0.000168725,0.999348,0.000480863,2.11106e-06,2
-0.655855,-0.836153, ,3.51587e-05,0.998602,0.00136076,1.73915e-06,2
-0.472425,0.866558, ,0.000252418,0.998682,0.00104242,2.2757e-05,2
-0.823943,-0.66409, ,5.19591e-05,0.998518,0.00142755,2.15907e-06,2
-0.0913916,1.06424, ,1.34373e-05,0.998806,0.00117507,5.77376e-06,2
0.783606,-0.534509, ,0.00251194,0.994824,0.00258443,7.93844e-05,2
0.668292,0.801498, ,4.11115e-05,0.99908,0.00087581,3.21827e-06,2
-1.00939,0.0931779, ,0.000214716,0.998562,0.00121261,1.0758e-05,2
-0.929813,-0.271931, ,0.000623682,0.998799,0.000572497,5.17629e-06,2
1.01227,-0.0227456, ,0.000123289,0.998999,0.000867844,9.47618e-06,2
0.930723,0.06145, ,0.0010396,0.998555,0.000393956,1.11404e-05,2
1.0033,-0.327416, ,7.77651e-05,0.996747,0.00315102,2.4382e-05,2
0.98116,-0.242201, ,0.000210729,0.998156,0.00161153,2.14437e-05,2
0.597205,0.939365, ,6.10715e-06,0.997968,0.00202384,2.53316e-06,2
0.966891,0.558956, ,5.81172e-06,0.998264,0.00172834,2.3015e-06,2
-0.791605,0.636164, ,0.000397375,0.995663,0.00387694,6.2857e-05,2
-0.817406,-0.70993, ,2.64569e-05,0.998058,0.00191409,1.9055e-06,2
0.236388,-0.989715, ,3.91303e-05,0.99938,0.000577175,3.69551e-06,2
0.477218,-0.849311, ,0.000227892,0.999065,0.00069605,1.14644e-05,2
0.124479,-0.904868, ,0.000732581,0.999041,0.000221177,4.85827e-06,2
-0.935936,0.023264, ,0.00162516,0.997824,0.000539589,1.16905e-05,2
0.893455,0.77015, ,1.4809e-06,0.99582,0.00417677,1.71056e-06,2
0.886281,0.524375, ,6.08099e-05,0.999252,0.000683296,3.48254e-06,2
-0.877609,0.378299, ,0.00160786,0.996941,0.00141206,3.8865e-05,2
0.604883,0.781197, ,0.000181968,0.999324,0.000490092,4.14678e-06,2
0.32214,-0.984697, ,2.50455e-05,0.999213,0.000757543,4.26492e-06,2
-0.808409,-0.503787, ,0.000852589,0.998697,0.000446343,3.65098e-06,2
0.23245,1.10085, ,3.47932e-06,0.997771,0.00222218,3.12097e-06,2
0.920825,-0.150158, ,0.00153151,0.997771,0.000675237,2.23588e-05,2
0.805907,0.393035, ,0.00214756,0.997635,0.000210709,7.08624e-06,2
-0.420066,-1.00048, ,1.17361e-05,0.998562,0.00142533,1.40546e-06,2
0.871197,-0.565145, ,0.000240234,0.993389,0.00630618,6.45742e-05,2
0.0169253,0.860877, ,0.00411036,0.995693,0.000184647,1.20898e-05,2
-0.39736,-0.822472, ,0.00122161,0.998542,0.000233829,2.90921e-06,2
-0.651116,-0.961457, ,2.54156e-06,0.995338,0.00465806,1.15098e-06,2
-0.664567,-0.854992, ,2.04182e-05,0.998233,0.00174489,1.60777e-06,2
2.02815,0.141608, ,2.49687e-13,0.000407801,0.997269,0.0023236,3
1.99223,0.271914, ,3.18989e-13,0.000487569,0.997776,0.00173622,3
-0.829727,1.71088, ,1.38829e-11,0.00480704,0.994796,0.000397217,3
1.15413,1.59595, ,7.6159e-14,2.76913e-05,0.99909,0.000882092,3
0.444551,1.96992, ,1.64605e-14,1.713e-05,0.998415,0.00156789,3
-1.90134,-0.614346, ,1.15231e-13,1.7517e-05,0.998954,0.0010282,3
0.082382,2.09433, ,2.03805e-15,6.832e-06,0.99589,0.00410333,3
1.87264,-0.676624, ,1.29185e-11,0.000746275,0.997835,0.001419,3
0.0167213,-2.01703, ,8.87654e-14,0.000138832,0.998535,0.00132624,3
1.52601,-1.53027, ,2.38136e-13,8.67251e-06,0.988503,0.0114879,3
-0.419193,-1.86046, ,7.58603e-13,0.000404427,0.99926,0.00033538,3
-1.97119,-0.180849, ,6.41071e-13,8.98307e-05,0.999035,0.000875292,3
1.24788,1.73245, ,2.12323e-16,2.61495e-07,0.993069,0.00693098,3
-1.94128,0.747618, ,3.19516e-13,3.24064e-05,0.996522,0.00344559,3
1.40097,1.28252, ,1.07509e-12,0.000268734,0.999332,0.000399561,3
-1.683,1.02083, ,1.05114e-11,0.000208093,0.998911,0.000880721,3
-1.53667,1.26917, ,5.2494e-12,0.000187079,0.99861,0.00120258,3
1.86006,-0.659721, ,2.00628e-11,0.00106452,0.997792,0.00114383,3
0.0433504,-2.00702, ,1.32999e-13,0.000189864,0.998624,0.00118564,3
1.85343,-0.552087, ,4.45109e-11,0.00282042,0.996472,0.000707236,3
-1.70256,1.00537, ,8.1914e-12,0.0001789,0.998842,0.000979251,3
0.757673,1.75923, ,4.45209e-13,0.000132987,0.999412,0.000454949,3
-1.82582,-0.633539, ,8.62184e-13,8.25068e-05,0.999449,0.000468207,3
-1.30984,-1.77575, ,8.73199e-18,1.05058e-08,0.987221,0.0127788,3
-1.97877,-0.800311, ,7.83828e-16,2.9196e-07,0.994464,0.00553531,3
-1.77156,0.887943, ,6.58769e-12,0.000198774,0.998777,0.00102389,3
1.77614,1.02119, ,1.32733e-14,1.7839e-05,0.997437,0.00254525,3
0.366769,-1.95762, ,7.73307e-13,0.000699439,0.998257,0.00104367,3
-1.86141,-1.09951, ,1.42961e-16,5.97568e-08,0.992438,0.00756169,3
1.1227,-1.62583, ,1.98875e-11,0.00123551,0.997743,0.00102114,3
-1.12309,1.61674, ,4.55722e-12,0.00124069,0.997868,0.000891759,3
-1.29041,-1.7748, ,1.38943e-17,1.57784e-08,0.989114,0.0108861,3
-1.85017,0.575706, ,1.3971e-11,0.000646878,0.998767,0.000586144,3
2.07688,-0.236455, ,1.77983e-13,0.000201607,0.994864,0.00493394,3
-1.55736,-1.40103, ,8.11056e-16,2.62694e-07,0.996915,0.00308436,3
-1.85119,0.669583, ,6.95892e-12,0.000335483,0.998808,0.000856785,3
1.08457,1.52176, ,2.1472e-12,0.000374219,0.999354,0.000271343,3
2.0328,-0.135752, ,6.01007e-13,0.000554122,0.996946,0.00249982,3
-1.20009,1.46911, ,4.33936e-11,0.00352217,0.996097,0.000381225,3
-1.74163,-1.02828, ,1.97269e-14,3.32266e-06,0.99869,0.00130648,3
1.94791,0.720268, ,1.03771e-14,2.7874e-05,0.996185,0.00378693,3
0.745676,1.74771, ,7.39617e-13,0.00019768,0.999422,0.000380778,3
-0.732584,1.92054, ,8.93184e-14,0.000185546,0.997254,0.00256007,3
-1.49068,-1.33805, ,2.0641e-14,3.71143e-06,0.998999,0.00099685,3
2.01499,-0.105998, ,9.64089e-13,0.000799282,0.997248,0.001953,3
-1.79848,-1.03746, ,3.19998e-15,7.63671e-07,0.997455,0.00254426,3
0.280633,-2.02627, ,1.02084e-13,0.000166925,0.99785,0.00198338,3
0.417661,-1.91178, ,2.70744e-12,0.00165207,0.997653,0.000694807,3
-0.689947,2.00577, ,9.04137e-15,3.87748e-05,0.994079,0.00588272,3
0.405351,1.88827, ,3.33847e-13,0.000170262,0.999286,0.000543971,3
0.407325,1.91716, ,1.28876e-13,8.40105e-05,0.999152,0.000763549,3
-0.422306,-2.00559, ,7.29974e-15,1.2716e-05,0.998147,0.00184006,3
0.0167761,2.02184, ,2.97848e-14,5.3764e-05,0.998318,0.00162837,3
0.0416296,-1.97481, ,3.63094e-13,0.000395069,0.998801,0.000803496,3
-1.52971,1.23723, ,1.06136e-11,0.00028552,0.998835,0.000879913,3
-1.89487,-0.654169, ,8.48217e-14,1.33475e-05,0.998881,0.00110602,3
1.98193,-0.209867, ,2.87535e-12,0.00136842,0.997188,0.00144385,3
-1.70631,-0.969121, ,1.58982e-13,1.80546e-05,0.999346,0.000635549,3
-0.440456,1.99658, ,4.76023e-14,0.000121009,0.99768,0.00219919,3
-0.359041,1.97522, ,1.24089e-13,0.000227132,0.998386,0.00138685,3
-0.389962,1.95023, ,2.4876e-13,0.000376819,0.998518,0.00110511,3
-0.0702343,-2.01068, ,7.62356e-14,0.000116027,0.998658,0.00122566,3
0.392173,1.98318, ,1.624e-14,1.85165e-05,0.998372,0.00160968,3
1.85212,-0.679814, ,2.14808e-11,0.00100956,0.997856,0.00113431,3
-0.427732,-1.94178, ,5.48196e-14,5.68971e-05,0.999072,0.000871543,3
-1.15901,-1.53693, ,2.15541e-13,3.70944e-05,0.999572,0.000391115,3
-1.63474,-1.33642, ,5.08527e-16,1.69883e-07,0.996165,0.00383485,3
1.87615,-0.694331, ,1.04203e-11,0.000599267,0.997808,0.00159304,3
-1.46522,1.39408, ,2.07354e-12,0.000173484,0.998093,0.00173334,3
-1.14949,-1.61075, ,3.41241e-14,9.15932e-06,0.999255,0.000736013,3
0.777607,1.84923, ,2.06441e-14,1.255e-05,0.998649,0.00133841,3
-0.987588,1.80601, ,1.96224e-13,0.000235123,0.997077,0.00268812,3
-1.96412,-0.175041, ,8.20322e-13,0.000108591,0.999092,0.000799683,3
1.84616,0.169554, ,4.4395e-11,0.0134388,0.986295,0.000266176,3
-0.844457,-1.84065, ,7.66504e-15,5.59838e-06,0.998693,0.00130168,3
1.12367,-1.58116, ,5.43952e-11,0.00227376,0.997062,0.000664179,3
1.71258,-1.01138, ,2.60783e-11,0.000164925,0.998481,0.00135435,3
0.457677,2.03784, ,1.44037e-15,2.69766e-06,0.996286,0.00371132,3
-1.33728,1.75604, ,5.2716e-15,9.57948e-06,0.981188,0.0188021,3
1.74522,0.476347, ,7.21388e-11,0.0169807,0.982864,0.000155097,3
-1.69871,0.997538, ,9.95243e-12,0.000207777,0.998896,0.000896023,3
-1.70425,-0.972885, ,1.57336e-13,1.78846e-05,0.999346,0.000635815,3
0.394159,1.88381, ,4.20707e-13,0.000205369,0.999292,0.000502958,3
-1.52694,-1.87665, ,1.47643e-21,6.29512e-12,0.799471,0.200529,3
0.758934,1.74026, ,7.76346e-13,0.000202393,0.999424,0.00037404,3
-1.9609,0.282485, ,2.08557e-12,0.000221014,0.998826,0.000953362,3
-1.77433,0.961908, ,2.54571e-12,8.6401e-05,0.9983,0.00161404,3
-1.71886,0.997501, ,6.18157e-12,0.000148984,0.998745,0.00110643,3
0.418831,2.03259, ,2.41846e-15,4.26522e-06,0.996858,0.00313804,3
0.86213,-1.76848, ,1.085e-11,0.00209928,0.997031,0.000869288,3
-0.355312,-1.97576, ,3.54433e-14,4.62653e-05,0.998845,0.00110898,3
-0.923782,-1.91947, ,1.71143e-16,2.55933e-07,0.995187,0.00481229,3
1.38213,1.31684, ,7.54526e-13,0.000197603,0.999357,0.000445281,3
0.748413,-1.86169, ,2.2647e-12,0.000956797,0.997685,0.00135841,3
1.15764,-1.56901, ,4.51004e-11,0.00172539,0.99752,0.000754624,3
-1.07075,1.68477, ,1.71906e-12,0.000788461,0.997965,0.00124682,3
-0.501221,1.81982, ,8.0122e-12,0.00422576,0.99544,0.000333871,3
2.08673,-0.257245, ,1.32775e-13,0.000158267,0.994058,0.00578388,3
-1.2914,1.6819, ,7.32349e-14,5.72007e-05,0.993935,0.00600739,3
-1.58335,1.19515, ,7.01685e-12,0.000174437,0.998754,0.00107139,3
1.40901,-1.32606, ,1.10076e-10,0.000593207,0.998738,0.000668544,3
1.42098,-1.25067, ,3.26846e-10,0.000964996,0.998624,0.000410664,3
0.643846,-2.00114, ,7.88267e-14,0.000111125,0.995521,0.004368,3
0.580234,-1.90218, ,1.99183e-12,0.00114308,0.997803,0.00105403,3
0.762078,-1.8657, ,1.83298e-12,0.000806901,0.997675,0.00151837,3
-1.16385,-1.61486, ,2.28492e-14,6.54213e-06,0.999147,0.000846276,3
1.27538,-1.66738, ,8.59494e-13,8.68286e-05,0.99503,0.00488289,3
-1.9376,0.558667, ,1.41961e-12,0.000129016,0.998351,0.00151992,3
-0.449215,-1.92846, ,6.81208e-14,6.44674e-05,0.999148,0.000787355,3
-1.98228,0.393472, ,8.50648e-13,0.00010614,0.99832,0.00157375,3
0.0309949,2.03959, ,1.5761e-14,3.31413e-05,0.997936,0.00203089,3
0.80323,-1.83794, ,2.84943e-12,0.000996491,0.99764,0.00136386,3
-0.444314,-2.02814, ,2.79156e-15,5.93964e-06,0.997438,0.00255651,3
-1.7347,-0.597345, ,1.80281e-11,0.000883178,0.998964,0.000152949,3
-1.53784,-1.40749, ,1.1415e-15,3.52051e-07,0.997286,0.00271336,3
-0.45785,-1.98437, ,1.03165e-14,1.54902e-05,0.998426,0.00155875,3
1.91582,-0.26608, ,1.84899e-11,0.0040963,0.995197,0.000706257,3
-0.503576,-1.85208, ,4.30508e-13,0.000230208,0.999388,0.000382272,3
-1.77371,-0.988234, ,1.65933e-14,2.93329e-06,0.99855,0.00144724,3
1.87265,0.258465, ,1.21559e-11,0.00573847,0.993856,0.000406023,3
-0.436451,1.87321, ,2.23721e-12,0.00175936,0.997734,0.000506274,3
1.01661,-1.55465, ,3.72839e-10,0.0117647,0.987987,0.000248331,3
1.7037,0.976043, ,2.36407e-13,0.000153062,0.998953,0.000893815,3
-1.43322,-1.41409, ,1.29943e-14,2.73545e-06,0.998875,0.00112256,3
-1.11436,1.51005, ,6.23732e-11,0.00604714,0.993653,0.000300356,3
-1.97807,-0.175882, ,5.33864e-13,7.83887e-05,0.998975,0.000946582,3
-0.769455,-1.74085, ,4.86275e-13,0.000149699,0.999541,0.000309549,3
0.432103,-1.99425, ,2.24169e-13,0.000280476,0.997797,0.00192286,3
0.351944,-2.02779, ,9.25096e-14,0.000153765,0.997495,0.00235115,3
-0.428454,-1.99248, ,1.05739e-14,1.66134e-05,0.998389,0.00159452,3
1.99315,0.64058, ,7.3593e-15,2.51999e-05,0.995232,0.004743,3
0.397292,1.93677, ,7.33357e-14,5.62292e-05,0.999006,0.000937539,3
1.17547,1.50087, ,6.57031e-13,0.000151001,0.999428,0.000421242,3
1.80057,-0.643981, ,1.0107e-10,0.00313473,0.99632,0.000545267,3
-1.82303,0.948545, ,8.88124e-13,4.2734e-05,0.997408,0.00254963,3
-1.95666,0.388619, ,1.81124e-12,0.000185446,0.998673,0.0011419,3
-0.40021,-1.98432, ,1.80127e-14,2.59672e-05,0.998622,0.00135241,3
1.95335,0.560597, ,6.80014e-14,0.00013356,0.997667,0.00219925,3
1.9423,-0.168797, ,8.67243e-12,0.00309185,0.996061,0.000847485,3
-1.80624,-1.11337, ,5.64485e-16,1.81916e-07,0.995506,0.00449367,3
2.04184,-0.533478, ,2.77728e-13,0.000116036,0.993433,0.00645048,3
-1.76522,-0.951689, ,4.09563e-14,6.14569e-06,0.998923,0.00107064,3
0.426258,2.00728, ,5.42648e-15,7.71021e-06,0.997647,0.00234545,3
-0.408635,2.04027, ,1.29741e-14,4.74047e-05,0.996493,0.00345943,3
1.73663,-1.02034, ,1.33765e-11,0.000104117,0.998043,0.00185312,3
-1.12945,-1.59497, ,7.85626e-14,1.80627e-05,0.999431,0.000551222,3
0.0323324,2.01762, ,3.3034e-14,5.66111e-05,0.998395,0.00154881,3
0.0213296,2.06753, ,6.21317e-15,1.7075e-05,0.997108,0.00287494,3
0.37928,-1.90511, ,3.5732e-12,0.0020565,0.997362,0.000581303,3
1.24751,-1.18704, ,1.75547e-08,0.0269915,0.97295,5.86709e-05,3
1.93771,-0.594939, ,3.78965e-12,0.00049447,0.997285,0.002221,3
1.2327,1.67422, ,1.65848e-15,1.34943e-06,0.9966,0.00339821,3
1.9566,-0.108261, ,5.30876e-12,0.00249056,0.996556,0.000953662,3
-0.475383,-1.99683, ,5.73536e-15,9.65747e-06,0.998093,0.00189763,3
-0.365656,-1.98166, ,2.67838e-14,3.69385e-05,0.998748,0.00121532,3
-0.0603446,-1.99823, ,1.18609e-13,0.000162049,0.998786,0.00105156,3
-1.61845,0.955706, ,1.08992e-10,0.00117801,0.998515,0.000307135,3
-0.690797,-1.82274, ,1.1886e-13,6.14376e-05,0.999407,0.000531434,3
-1.86056,0.692038, ,4.53563e-12,0.000237564,0.998713,0.001049,3
1.83028,-0.547458, ,8.28427e-11,0.00425066,0.995216,0.000533664,3
-0.876873,-1.79285, ,2.03667e-14,1.09358e-05,0.999078,0.000910601,3
-1.37241,-1.28173, ,1.29943e-12,0.000109031,0.999661,0.00023033,3
0.890415,1.8666, ,2.26165e-15,2.02241e-06,0.997107,0.00289128,3
2.14682,-0.0095486, ,1.27637e-14,4.77952e-05,0.989795,0.0101569,3
-1.36687,1.42286, ,7.18823e-12,0.000587649,0.998467,0.000945062,3
1.90806,-0.278281, ,2.27103e-11,0.00454244,0.9948,0.000657635,3
0.449712,-2.06911, ,2.10988e-14,5.12645e-05,0.99487,0.00507824,3
1.49107,-1.41079, ,5.06868e-12,6.10236e-05,0.997088,0.00285071,3
-1.81485,0.648124, ,2.13477e-11,0.000769057,0.99871,0.000521142,3
1.37898,1.25356, ,3.42367e-12,0.000655523,0.999079,0.000265039,3
-1.73148,-0.51728, ,4.7942e-11,0.00195069,0.997936,0.000113803,3
2.11788,-0.179938, ,4.88862e-14,9.41447e-05,0.992138,0.00776761,3
0.832539,1.82394, ,2.11222e-14,1.20317e-05,0.998665,0.00132339,3
-1.9989,0.545295, ,2.68624e-13,3.91815e-05,0.996928,0.00303332,3
-1.06743,1.64724, ,4.60249e-12,0.00146653,0.997702,0.000831091,3
2.02623,-0.0019336, ,5.14287e-13,0.000600437,0.997243,0.00215615,3
-1.74863,-0.485203, ,4.1301e-11,0.00177263,0.998103,0.00012432,3
-2.08767,-0.189885, ,1.59218e-14,5.31724e-06,0.996264,0.00373099,3
0.798883,-1.91618, ,3.35811e-13,0.000236432,0.99651,0.00325358,3
-1.73611,1.11639, ,7.71031e-13,2.94887e-05,0.99708,0.00289038,3
-2.03935,-0.0123913, ,1.61837e-13,3.38105e-05,0.998095,0.00187107,3
-1.7463,0.933533, ,7.17426e-12,0.000189166,0.998802,0.00100933,3
-0.794571,-1.80178, ,5.4012e-14,2.73148e-05,0.999306,0.0006667,3
1.23466,-1.39266, ,5.72623e-10,0.00487856,0.994848,0.000273255,3
-1.13648,1.67124, ,9.89725e-13,0.000467399,0.997837,0.00169603,3
1.67719,0.987538, ,3.995e-13,0.000217401,0.999057,0.000725881,3
0.409838,1.98126, ,1.50433e-14,1.69763e-05,0.998341,0.00164183,3
-0.417386,1.88257, ,1.822e-12,0.00151903,0.997945,0.000535963,3
-1.41649,-1.34599, ,1.0323e-13,1.42948e-05,0.999432,0.000553656,3
1.51925,1.42659, ,1.91594e-15,1.92498e-06,0.996249,0.00374909,3
0.244161,-2.04463, ,5.71701e-14,0.000109605,0.997561,0.00232918,3
1.11328,1.7052, ,7.19087e-15,4.33543e-06,0.998017,0.00197841,3
-1.98999,-0.179243, ,3.63867e-13,5.84971e-05,0.998845,0.00109687,3
-2.03994,-0.216026, ,6.1997e-14,1.48482e-05,0.997879,0.00210654,3
-0.367955,-1.85361, ,1.46779e-12,0.000712533,0.999011,0.000276738,3
-1.97947,0.612151, ,3.11916e-13,3.99806e-05,0.996903,0.00305706,3
-2.04031,0.224491, ,2.10638e-13,4.12491e-05,0.997676,0.00228297,3
-2.03566,-0.20484, ,7.59614e-14,1.74661e-05,0.99801,0.00197231,3
-1.91201,-0.231425, ,2.83963e-12,0.000269895,0.999271,0.000459226,3
0.375175,1.84774, ,1.52873e-12,0.000544862,0.999136,0.000319371,3
1.18185,2.72703, ,5.71763e-36,7.86392e-24,0.000338288,0.999662,4
2.09901,-2.00523, ,4.12566e-27,5.15552e-17,0.000776967,0.999223,4
0.0480262,-3.06886, ,4.66814e-36,1.21833e-22,6.74911e-05,0.999933,4
-0.0116958,3.07344, ,1.94308e-37,6.98472e-24,5.01783e-05,0.99995,4
-0.638054,2.98471, ,2.87454e-35,1.38122e-21,6.98969e-05,0.99993,4
-0.0200114,-2.93885, ,1.55009e-32,1.03927e-19,0.000736123,0.999264,4
0.0549239,3.12553, ,3.73215e-39,2.03005e-25,1.87274e-05,0.999981,4
0.601834,-2.87842, ,4.91735e-31,3.54831e-18,0.000608965,0.999391,4
1.97353,-2.08106, ,2.36131e-26,4.91483e-16,0.00148376,0.998516,4
0.395854,2.84025, ,2.76344e-32,8.00675e-20,0.00212597,0.997874,4
1.14696,-2.63981, ,4.69087e-28,6.86313e-16,0.00157239,0.998428,4
3.01435,-0.199358, ,1.65479e-32,5.52612e-19,8.29177e-05,0.999917,4
-1.15728,-2.63122, ,7.46146e-33,4.23677e-21,0.00275988,0.99724,4
2.95501,0.333457, ,1.27222e-32,4.88404e-19,0.000212677,0.999787,4
-2.55903,-1.4241, ,9.75029e-34,7.18767e-23,0.000964447,0.999036,4
-1.722,2.52896, ,7.00526e-33,1.58486e-19,5.36169e-05,0.999946,4
-3.10028,0.206959, ,2.66681e-35,2.43472e-23,2.54042e-05,0.999975,4
1.29055,-2.79819, ,3.27375e-33,3.87987e-20,3.78217e-05,0.999962,4
3.03996,0.275439, ,1.27932e-34,1.16811e-20,4.88698e-05,0.999951,4
-2.24092,1.88562, ,1.11181e-28,3.20953e-17,0.000576072,0.999424,4
-1.29317,2.67792, ,1.87048e-31,3.19959e-18,0.000273466,0.999727,4
-1.3137,2.68328, ,8.7491e-32,1.71661e-18,0.000212179,0.999788,4
0.605679,2.95098, ,9.15851e-37,6.8687e-24,0.000161661,0.999838,4
-1.7505,2.37297, ,7.85934e-30,3.72712e-17,0.000411113,0.999589,4
2.0094,1.89515, ,1.31016e-29,2.83689e-18,0.0117746,0.988225,4
3.10611,0.932326, ,5.99174e-42,3.98828e-27,1.36372e-06,0.999999,4
1.68152,-2.38979, ,4.02231e-28,1.2403e-16,0.000619987,0.99938,4
-0.695456,-3.00506, ,3.13309e-38,3.31798e-25,5.93237e-05,0.999941,4
-2.7399,0.98897, ,1.00869e-28,1.1279e-17,0.000809973,0.99919,4
2.2707,2.15982, ,1.12371e-40,5.20404e-28,1.51182e-05,0.999985,4
2.64824,1.5439, ,6.90842e-38,1.17663e-24,4.87465e-05,0.999951,4
-0.664905,-3.06863, ,7.96473e-40,1.50589e-26,2.08072e-05,0.999979,4
-1.72235,-2.41693, ,7.49251e-36,2.08057e-24,0.00054614,0.999454,4
-2.61254,1.02308, ,5.24886e-26,1.9792e-15,0.00527665,0.994723,4
-2.21243,1.98059, ,9.64347e-30,6.66191e-18,0.00027508,0.999725,4
1.73471,-2.47993, ,8.93395e-31,8.75912e-19,9.20321e-05,0.999908,4
-2.91333,-0.262143, ,2.28443e-31,3.94787e-20,0.000805306,0.999195,4
2.64946,-1.43683, ,5.24097e-30,6.62859e-19,9.20382e-05,0.999908,4
1.24253,2.83782, ,7.52828e-40,2.90235e-27,3.33296e-05,0.999967,4
2.95411,0.261005, ,3.2842e-32,1.0949e-18,0.00024425,0.999756,4
1.78388,-2.45458, ,6.67899e-31,5.59753e-19,7.83762e-05,0.999922,4
1.23435,2.7327, ,8.81253e-37,1.38988e-24,0.00020932,0.999791,4
2.833,0.957409, ,1.17499e-34,4.1218e-21,0.000174713,0.999825,4
-0.65674,-2.96809, ,7.73771e-37,5.81582e-24,0.000134695,0.999865,4
2.95012,0.322585, ,1.98253e-32,7.06067e-19,0.000237262,0.999763,4
-2.80572,-0.234837, ,1.9384e-28,1.45153e-17,0.00546077,0.994539,4
0.599938,-3.03792, ,2.12312e-35,8.49647e-22,3.49451e-05,0.999965,4
-0.63331,-2.99109, ,2.64472e-37,2.44405e-24,9.70936e-05,0.999903,4
1.08075,2.69913, ,5.13626e-34,4.81151e-22,0.00107339,0.998927,4
0.574103,2.94812, ,1.8604e-36,1.37027e-23,0.000190307,0.99981,4
-1.14019,2.82318, ,8.75353e-34,3.85252e-20,7.55418e-05,0.999924,4
-2.59351,-1.49774, ,9.64198e-36,1.08943e-24,0.00029607,0.999704,4
2.24274,2.06993, ,4.34755e-38,1.10521e-25,7.01232e-05,0.99993,4
-2.27919,1.97048, ,8.09562e-31,7.27783e-19,0.000123496,0.999877,4
0.691744,3.07612, ,3.69027e-41,8.74078e-28,1.16829e-05,0.999988,4
1.65625,-2.38498, ,1.08684e-27,2.98496e-16,0.000866088,0.999134,4
-1.75551,2.35954, ,1.29111e-29,5.42087e-17,0.000473207,0.999527,4
2.71826,1.52249, ,2.3261e-39,7.72503e-26,1.87069e-05,0.999981,4
0.729314,-2.83272, ,2.7067e-30,1.47245e-17,0.000775537,0.999224,4
1.66288,2.40898, ,1.28675e-34,6.64367e-23,0.000732449,0.999268,4
0.0653995,-3.01724, ,1.52226e-34,2.39123e-21,0.000173175,0.999827,4
-2.30286,-2.1254, ,1.05481e-40,3.28092e-29,2.48711e-05,0.999975,4
2.61459,1.45214, ,1.45152e-35,1.4165e-22,0.000191786,0.999808,4
-0.13877,-3.10791, ,9.5486e-38,3.14866e-24,3.22598e-05,0.999968,4
-1.15652,2.77261, ,1.3039e-32,3.59097e-19,0.000159621,0.99984,4
2.81772,0.232735, ,1.67857e-28,1.15342e-15,0.00287454,0.997125,4
2.57084,-1.47741, ,1.0093e-28,4.61797e-18,0.000228717,0.999771,4
3.03683,0.371844, ,4.42871e-35,4.61158e-21,4.34025e-05,0.999957,4
-2.57732,1.44564, ,2.29498e-29,1.89429e-18,0.000362814,0.999637,4
1.79982,-2.43218, ,1.20851e-30,8.18648e-19,9.15001e-05,0.999908,4
0.630892,-2.98371, ,5.54692e-34,1.29871e-20,8.31632e-05,0.999917,4
2.56315,1.48089, ,1.01162e-34,6.29277e-22,0.000337567,0.999662,4
-1.16246,2.77635, ,9.33846e-33,2.73318e-19,0.000143537,0.999856,4
2.27545,2.05904, ,1.38213e-38,4.30486e-26,5.10442e-05,0.999949,4
-0.596626,-2.84701, ,5.68906e-33,1.41691e-20,0.00140792,0.998592,4
2.74356,-1.01401, ,2.81636e-28,1.49436e-16,0.000464963,0.999535,4
0.0294316,-3.04957, ,1.5304e-35,3.226e-22,9.73958e-05,0.999903,4
2.96612,0.930557, ,5.70839e-38,8.05832e-24,1.88644e-05,0.999981,4
0.0144095,-3.08951, ,9.87013e-37,3.0783e-23,4.65676e-05,0.999953,4
-1.77381,-2.30261, ,5.09571e-34,7.24357e-23,0.00160841,0.998392,4
1.44885,2.89439, ,2.38061e-44,2.18328e-31,2.29852e-06,0.999998,4
-2.2064,-2.01253, ,3.7927e-36,4.31819e-25,0.000377579,0.999622,4
2.85859,0.212216, ,1.84526e-29,1.92154e-16,0.00144302,0.998557,4
2.1261,1.89092, ,6.59815e-32,3.27687e-20,0.0028361,0.997164,4
-1.25204,2.67861, ,4.37466e-31,6.43521e-18,0.000374127,0.999626,4
1.20416,-2.59878, ,1.45257e-27,1.52635e-15,0.00197462,0.998025,4
-2.87383,-0.973124, ,6.34909e-36,1.50721e-24,0.000128952,0.999871,4
-1.70661,-2.32292, ,2.54321e-33,3.49329e-22,0.00245334,0.997547,4
1.25559,2.73433, ,4.24033e-37,7.04785e-25,0.000173435,0.999827,4
-1.67745,-2.46039, ,3.75457e-36,1.28925e-24,0.000457005,0.999543,4
2.28378,-2.0386, ,5.03563e-31,1.55034e-20,4.12473e-05,0.999959,4
3.10052,0.368196, ,7.74899e-37,1.66855e-22,1.31019e-05,0.999987,4
-2.1617,2.01785, ,1.80761e-29,1.42377e-17,0.000344678,0.999655,4
2.63772,-1.35439, ,7.69488e-29,8.70485e-18,0.000226436,0.999774,4
0.76556,2.97483, ,9.7763e-39,8.99417e-26,5.43557e-05,0.999946,4
-2.85842,-1.0263, ,4.06576e-36,9.3963e-25,0.000123486,0.999877,4
2.40648,2.17745, ,3.28601e-44,4.65242e-31,1.71256e-06,0.999998,4
-0.467996,2.98348, ,8.85401e-35,2.82823e-21,0.000129329,0.999871,4
1.76522,-2.50711, ,8.57213e-32,1.24816e-19,4.35642e-05,0.999956,4
2.22221,-2.0722, ,1.81449e-30,6.71384e-20,6.41651e-05,0.999936,4
1.74232,-2.36018, ,2.55338e-28,6.58202e-17,0.000495922,0.999504,4
-1.80751,-2.50801, ,1.21639e-39,7.94698e-28,5.71658e-05,0.999943,4
0.682938,2.83619, ,4.7895e-34,1.21953e-21,0.000900788,0.999099,4
-1.6528,-2.3686, ,1.70413e-33,2.84424e-22,0.00222006,0.99778,4
2.92193,-0.371178, ,4.39261e-30,3.89048e-17,0.000328355,0.999672,4
-1.0729,-2.66946, ,7.81798e-33,5.58577e-21,0.00262084,0.997379,4
1.92091,1.89995, ,5.44294e-28,6.57658e-17,0.0317407,0.968259,4
2.34186,-1.90272, ,7.06647e-30,6.88915e-20,9.19944e-05,0.999908,4
-2.80678,-0.897712, ,2.54769e-33,3.37301e-22,0.000623802,0.999376,4
1.15799,2.71449, ,2.46333e-35,2.93617e-23,0.000493077,0.999507,4
0.0933192,3.16529, ,1.79609e-40,1.3622e-26,8.62698e-06,0.999991,4
-0.6504,-2.82297, ,9.68038e-33,1.97395e-20,0.00175108,0.998249,4
-2.22517,2.07298, ,1.31501e-31,2.7015e-19,7.30302e-05,0.999927,4
-1.732,2.48927, ,4.04912e-32,6.22771e-19,8.87082e-05,0.999911,4
2.68493,-1.37862, ,3.55147e-30,7.24901e-19,8.46949e-05,0.999915,4
2.41755,2.10335, ,7.84911e-43,9.0191e-30,3.78516e-06,0.999996,4
2.29504,-1.99254, ,1.88843e-30,3.66977e-20,6.19932e-05,0.999938,4
2.79157,0.922432, ,3.55386e-33,7.43368e-20,0.000435409,0.999565,4
0.0122061,-3.03371, ,3.97562e-35,7.0312e-22,0.000131301,0.999869,4
0.0151902,-2.94669, ,1.14489e-32,8.50738e-20,0.000635181,0.999365,4
2.67669,1.5041, ,5.62427e-38,1.16685e-24,4.40471e-05,0.999956,4
1.72687,2.39488, ,2.33134e-35,1.45922e-23,0.000463231,0.999537,4
1.15789,-2.89322, ,1.63181e-34,4.14681e-21,2.04097e-05,0.99998,4
-1.86858,-2.47027, ,8.07679e-40,4.69912e-28,5.11233e-05,0.999949,4
1.74581,-2.35487, ,2.94733e-28,7.22238e-17,0.000515249,0.999485,4
-2.89421,-1.02423, ,4.62032e-37,1.36844e-25,6.671e-05,0.999933,4
-0.0046418,3.01119, ,1.23044e-35,2.44502e-22,0.000159094,0.999841,4
-2.6885,-0.890986, ,3.38511e-30,1.92062e-19,0.00468036,0.99532,4
-0.544858,3.04322, ,1.19837e-36,8.18499e-23,3.37423e-05,0.999966,4
-0.643365,-3.13686, ,1.11748e-41,3.98986e-28,6.26703e-06,0.999994,4
1.13841,2.78411, ,4.89913e-37,1.0251e-24,0.000177051,0.999823,4
-2.91182,0.96146, ,8.83628e-33,4.56685e-21,4.85293e-05,0.999951,4
1.12451,2.75547, ,4.5234e-36,7.26919e-24,0.000315239,0.999685,4
-3.00777,-0.316656, ,3.45636e-34,1.2587e-22,0.000133737,0.999866,4
2.73099,-0.957598, ,1.38604e-27,6.57689e-16,0.000811521,0.999188,4
0.0952349,3.10428, ,1.22514e-38,5.2375e-25,2.76071e-05,0.999972,4
-2.67534,-1.54007, ,1.65931e-38,3.52694e-27,5.43195e-05,0.999946,4
-1.72545,2.43093, ,9.76101e-31,7.70604e-18,0.000229262,0.999771,4
-2.85212,0.988275, ,1.83155e-31,5.74185e-20,0.000118489,0.999882,4
2.49877,-1.70694, ,3.9623e-30,7.12519e-20,7.55306e-05,0.999924,4
-1.75002,2.45924, ,1.06734e-31,1.29038e-18,0.000115199,0.999885,4
1.26379,-2.76005, ,5.26286e-32,3.78839e-19,8.94965e-05,0.999911,4
2.66575,-0.808355, ,3.75529e-25,9.29003e-14,0.00544014,0.99456,4
-2.42871,1.57311, ,8.86442e-28,4.2978e-17,0.00108646,0.998914,4
-1.23615,-2.67785, ,4.36827e-35,3.97245e-23,0.000745734,0.999254,4
2.29302,-2.02809, ,5.11122e-31,1.44544e-20,4.12051e-05,0.999959,4
-2.97653,-0.941179, ,2.19731e-38,1.03478e-26,2.46472e-05,0.999975,4
-3.09019,0.191, ,5.01329e-35,4.14256e-23,3.14618e-05,0.999969,4
1.23194,-2.62141, ,2.41688e-28,3.44861e-16,0.00111359,0.998886,4
0.571302,-2.99615, ,3.7628e-34,9.11107e-21,8.38623e-05,0.999916,4
-0.0500994,-2.9549, ,4.58977e-33,3.53079e-20,0.000553057,0.999447,4
2.8737,-1.02813, ,1.46937e-31,4.01578e-19,4.41854e-05,0.999956,4
-1.10558,-2.50537, ,4.83404e-29,9.26985e-18,0.0268683,0.973132,4
1.13751,-2.73429, ,2.77507e-30,1.12521e-17,0.00035964,0.99964,4
1.27303,-2.70177, ,1.1925e-30,4.5492e-18,0.000218955,0.999781,4
-0.017939,2.92097, ,4.87068e-33,4.21641e-20,0.000809269,0.999191,4
-3.16118,-0.413649, ,4.54091e-39,5.59947e-27,6.08148e-06,0.999994,4
2.65746,1.63447, ,1.19161e-39,2.77756e-26,1.76598e-05,0.999982,4
1.79155,-2.33703, ,1.57596e-28,3.55274e-17,0.000400743,0.999599,4
1.08133,2.74563, ,2.66641e-35,3.72459e-23,0.000496303,0.999504,4
1.25793,2.74587, ,1.89168e-37,3.47318e-25,0.000140638,0.999859,4
2.25663,2.09783, ,5.35399e-39,1.70334e-26,4.07629e-05,0.999959,4
1.34498,2.79269, ,6.27302e-40,2.00765e-27,3.21254e-05,0.999968,4
1.74854,2.35636, ,8.43458e-35,4.58693e-23,0.000639881,0.99936,4
-1.76348,-2.50331, ,9.96864e-39,5.67819e-27,9.86011e-05,0.999901,4
2.88601,0.147453, ,6.65608e-30,8.39353e-17,0.000945773,0.999054,4
1.16293,-2.68052, ,3.61583e-29,8.54291e-17,0.000724346,0.999276,4
-2.87015,1.03484, ,2.89905e-32,1.18765e-20,6.42586e-05,0.999936,4
3.04046,0.353152, ,4.55834e-35,4.78692e-21,4.21531e-05,0.999958,4
-2.69467,1.44031, ,5.81167e-32,1.36252e-20,5.67904e-05,0.999943,4
2.94928,0.306059, ,2.57573e-32,8.81626e-19,0.000248167,0.999752,4
0.0896341,-2.98365, ,1.49097e-33,1.70582e-20,0.000313602,0.999686,4
-2.63544,-0.741887, ,1.85178e-27,5.85897e-17,0.0222126,0.977787,4
-1.79041,-2.4636, ,3.26754e-38,1.49084e-26,0.000133807,0.999866,4
2.34271,-2.00391, ,1.46812e-31,3.81162e-21,2.70991e-05,0.999973,4
-1.23418,2.69501, ,2.50272e-31,4.08618e-18,0.00032796,0.999672,4
-2.91769,-0.845188, ,9.40291e-36,2.56826e-24,0.00011743,0.999883,4
2.35142,1.90695, ,3.4101e-37,1.07897e-24,0.000107066,0.999893,4
-2.55989,-1.53971, ,1.38777e-35,1.44911e-24,0.000343115,0.999657,4
1.22151,2.70542, ,7.22663e-36,8.88753e-24,0.000361285,0.999639,4
3.06365,-0.253752, ,8.05645e-34,4.59875e-20,3.02786e-05,0.99997,4
-2.29568,-1.9743, ,2.46702e-37,3.46891e-26,0.000176157,0.999824,4
1.21808,2.72849, ,1.85109e-36,2.73913e-24,0.000253428,0.999747,4
-2.92138,0.476073, ,9.3139e-31,2.38908e-19,0.000374161,0.999626,4
-1.7135,-2.33188, ,1.1892e-33,1.76944e-22,0.00201638,0.997984,4
-2.28641,-2.03065, ,2.70086e-38,4.80573e-27,0.000101884,0.999898,4
0.0751324,-3.01385, ,1.98032e-34,3.0331e-21,0.000183063,0.999817,4
0.948427,2.688, ,2.64338e-32,1.94581e-20,0.00290742,0.997093,4
2.91525,0.946819, ,9.38526e-37,7.85758e-23,4.32772e-05,0.999957,4
-2.84743,0.900585, ,9.60293e-31,2.42395e-19,0.000216305,0.999784,4
1.74425,2.46615, ,1.96759e-37,2.10453e-25,0.000135023,0.999865,4
2.2468,2.0657, ,4.3503e-38,1.11994e-25,6.99034e-05,0.99993,4
-0.743318,2.92256, ,5.84001e-34,1.99098e-20,0.000135796,0.999864,4
2.92942,-0.272521, ,3.14816e-30,3.45019e-17,0.000351917,0.999648,4
2.41342,2.124, ,3.47831e-43,4.19325e-30,3.09278e-06,0.999997,4
2.65193,1.53775, ,6.99868e-38,1.21958e-24,4.85883e-05,0.999951,4
-1.33742,-2.78445, ,2.36249e-39,5.79698e-27,5.90572e-05,0.999941,4
-2.20164,-1.96611, ,4.34226e-35,3.82224e-24,0.000699931,0.9993,4
1.81131,-2.38236, ,9.43274e-30,3.73602e-18,0.000167016,0.999833,4
1.22339,2.676, ,4.33555e-35,4.20037e-23,0.000575701,0.999424,4
cognitive rate =,1
1,1593.05
2,1292.52
3,1098.17
4,983.166
5,917.169
6,867.504
7,829.19
8,797.437
9,773.728
10,754.192
11,746.496
12,805.136
13,718.01
14,759.334
15,699.594
16,778.543
17,669.365
18,683.87
19,667.764
20,788.139
21,627.163
22,615.236
23,604.355
24,594.747
25,592.82
26,650.998
27,577.857
28,631.47
29,565.379
30,626.761
31,550.231
32,595.456
33,542.814
34,618.543
35,523.118
36,541.061
37,530.966
38,635.98
39,498.394
40,491.133
41,484.505
42,479.649
43,483.535
44,559.518
45,465.257
46,477.69
47,477.952
48,572.936
49,445.569
50,439.54
51,433.949
52,429.742
53,433.227
54,499.808
55,418.739
56,438.888
57,428.459
58,513.232
59,401.316
60,396.67
61,396.389
62,433.968
63,395.511
64,463.435
65,379.674
66,389.863
67,394.57
68,467.11
69,364.936
70,361.26
71,363.808
72,416.681
73,354.206
74,385.326
75,356.252
76,422.271
77,339.257
78,343.374
79,354.389
80,415.21
81,326.611
82,325.352
83,334.248
84,397.842
85,314.3
86,314.47
87,325.157
88,384.127
89,302.589
90,302.476
91,312.711
92,369.199
93,291.366
94,292.062
95,302.866
96,354.821
97,280.729
98,282.404
99,293.471
100,340.618
101,270.698
102,273.894
103,284.604
104,326.765
105,261.292
106,266.579
107,275.604
108,314.062
109,252.4
110,259.51
111,266.209
112,302.861
113,243.844
114,251.755
115,257.097
116,292.28
117,235.623
118,244.115
119,248.316
120,282.204
121,227.721
122,236.663
123,239.866
124,272.589
125,220.123
126,229.407
127,231.745
128,263.393
129,212.817
130,222.363
131,223.942
132,254.592
133,205.79
134,215.529
135,216.45
136,246.159
137,199.031
138,208.907
139,209.255
140,238.076
141,192.53
142,202.492
143,202.347
144,230.323
145,186.275
146,196.285
147,195.713
148,222.883
149,180.258
150,190.278
151,189.343
152,215.741
153,174.467
154,184.469
155,183.223
156,208.882
157,168.895
158,178.85
159,177.345
160,202.291
161,163.531
162,173.42
163,171.695
164,195.957
165,158.367
166,168.169
167,166.264
168,189.865
169,153.395
170,163.096
171,161.042
172,184.006
173,148.607
174,158.191
175,156.02
176,178.366
177,143.994
178,153.452
179,151.187
180,172.938
181,139.55
182,148.869
183,146.536
184,167.709
185,135.267
186,144.443
187,142.057
188,162.672
189,131.138
190,140.162
191,137.744
192,157.816
193,127.158
194,136.027
195,133.587
196,153.135
197,123.319
198,132.025
199,129.583
200,148.618
201,119.616
202,128.162
203,125.72
204,144.263
205,116.043
206,124.42
207,121.997
208,140.054
209,112.595
210,120.809
211,118.401
212,135.996
213,109.266
214,117.307
215,114.937
216,132.068
217,106.053
218,113.934
219,111.583
220,128.284
221,102.947
222,110.651
223,108.357
224,124.61
225,99.9504
226,107.503
227,105.222
228,121.081
229,97.0504
230,104.416
231,102.22
232,117.635
233,94.2543
234,101.489
235,99.2774
236,114.351
237,91.5416
238,98.565
239,96.4939
240,111.097
241,88.9339
242,95.8732
243,93.7079
244,108.064
245,86.3887
246,93.0532
247,91.1587
248,104.945
249,83.9637
250,90.6601
251,88.4609
252,102.214
253,81.559
254,87.804
255,86.2202
256,99.0993
257,79.3279
258,85.9179
259,83.4438
260,96.8489
261,77.0125
262,82.6509
263,81.7519
264,93.3787
265,75.0363
266,81.9234
267,78.4263
268,92.1233
269,72.6931
270,77.2489
271,77.9418
272,87.3612
273,71.1698
274,79.4769
275,72.9053
276,87.6771
277,68.6309
278,72.1584
279,74.2959
280,81.6717
281,67.566
282,77.2175
283,67.8715
284,81.6301
285,65.1258
286,70.5633
287,68.7421
288,79.718
289,63.3154
290,68.2349
291,67.2027
292,77.1589
293,61.6933
294,67.2364
295,64.8125
296,75.8583
297,59.8763
298,63.9935
299,64.1013
300,72.3861
301,58.5827
302,65.1363
303,60.4274
304,72.5552
305,56.5784
306,59.411
307,61.5002
308,67.2143
309,55.8614
310,64.5142
311,55.7442
312,66.7126
313,53.9624
314,59.9516
315,55.7559
316,66.8996
317,52.1492
318,54.7918
319,56.7201
320,61.9704
321,51.5199
322,59.5867
323,51.3824
324,61.4574
325,49.7971
326,55.5181
327,51.321
328,61.757
329,48.1104
330,50.5387
331,52.3772
332,57.1323
333,47.5755
334,55.1629
335,47.3694
336,56.5069
337,46.0356
338,51.7578
339,47.099
340,56.9488
341,44.4372
342,46.8039
343,48.3166
344,52.8604
345,43.9237
346,50.7931
347,43.842
348,52.4618
349,42.4763
350,47.3192
351,43.8484
352,52.6467
353,41.0782
354,43.271
355,44.6797
356,48.8161
357,40.6361
358,47.0646
359,40.5072
360,48.3345
361,39.3359
362,44.1229
363,40.3489
364,48.6226
365,38.0141
366,40.1399
367,41.2807
368,45.221
369,37.5907
370,43.4099
371,37.5581
372,44.8923
373,36.3747
374,40.496
375,37.5769
376,44.9428
377,35.2169
378,37.2866
379,38.162
380,41.934
381,34.8052
382,40.0475
383,34.8712
384,41.7294
385,33.671
386,37.1984
387,35.0378
388,41.456
389,32.6791
390,34.8694
391,35.1697
392,39.139
393,32.1898
394,36.5282
395,32.639
396,39.2046
397,31.1215
398,33.4999
399,33.2124
400,37.5401
401,30.5338
402,34.0674
403,31.4481
404,37.4579
405,29.5887
406,31.5874
407,31.8126
408,35.335
409,29.1737
410,33.1414
411,29.5199
412,35.2852
413,28.2344
414,30.6566
415,29.8547
416,34.1756
417,27.6207
418,30.4208
419,28.7854
420,33.663
421,26.8814
422,29.067
423,28.5264
424,32.3514
425,26.3626
426,29.3053
427,27.2046
428,32.0752
429,25.6059
430,27.6165
431,27.2255
432,30.6738
433,25.1601
434,28.1392
435,25.7875
436,30.4633
437,24.4227
438,26.4382
439,25.8556
440,29.2673
441,23.9705
442,26.6837
443,24.6616
444,28.954
445,23.3037
446,25.3055
447,24.5754
448,27.9074
449,22.8549
450,25.3662
451,23.5623
452,27.5125
453,22.2494
454,24.2541
455,23.3517
456,26.6215
457,21.7995
458,24.1186
459,22.5233
460,26.1424
461,21.2544
462,23.2661
463,22.1909
464,25.3894
465,20.8049
466,22.9654
467,21.5227
468,24.8469
469,20.3135
470,22.3228
471,21.0999
472,24.1979
473,19.8705
474,21.9173
475,20.5473
476,23.6299
477,19.4207
478,21.4062
479,20.084
480,23.0443
481,18.993
482,20.9666
483,19.5969
484,22.4855
485,18.5735
486,20.5176
487,19.1362
488,21.9362
489,18.1671
490,20.0888
491,18.683
492,21.4009
493,17.7718
494,19.6709
495,18.2424
496,20.8782
497,17.3878
498,19.2654
499,17.813
500,20.3676
501,17.0148
502,18.8719
503,17.3947
504,19.8686
505,16.6525
506,18.4899
507,16.9871
508,19.3808
509,16.3008
510,18.1191
511,16.59
512,18.9037
513,15.9594
514,17.759
515,16.2032
516,18.437
517,15.6282
518,17.409
519,15.8267
520,17.9804
521,15.307
522,17.0685
523,15.4604
524,17.5337
525,14.9954
526,16.7363
527,15.1045
528,17.0972
529,14.6931
530,16.4112
531,14.7591
532,16.6714
533,14.3996
534,16.0917
535,14.4247
536,16.2573
537,14.1142
538,15.7758
539,14.1016
540,15.856
541,13.8358
542,15.4619
543,13.7902
544,15.4692
545,13.5636
546,15.1486
547,13.4906
548,15.0977
549,13.2963
550,14.8354
551,13.2027
552,14.7421
553,13.0334
554,14.5226
555,12.9257
556,14.4015
557,12.7747
558,14.2116
559,12.6587
560,14.0747
561,12.5204
562,13.9038
563,12.4006
564,13.7596
565,12.2708
566,13.6008
567,12.1505
568,13.4548
569,12.0265
570,13.3037
571,11.9074
572,13.1588
573,11.7877
574,13.0132
575,11.6708
576,12.8708
577,11.5546
578,12.7294
579,11.4403
580,12.5903
581,11.3271
582,12.4526
583,11.2155
584,12.3168
585,11.1052
586,12.1825
587,10.9962
588,12.05
589,10.8886
590,11.9191
591,10.7823
592,11.7898
593,10.6773
594,11.6622
595,10.5735
596,11.536
597,10.471
598,11.4115
599,10.3698
600,11.2884
601,10.2697
602,11.1669
603,10.1708
604,11.0468
605,10.0731
606,10.9282
607,9.97657
608,10.8111
609,9.88116
610,10.6953
611,9.78686
612,10.581
613,9.69367
614,10.4681
615,9.60155
616,10.3565
617,9.5105
618,10.2463
619,9.42049
620,10.1373
621,9.33151
622,10.0298
623,9.24355
624,9.92345
625,9.15658
626,9.81842
627,9.07059
628,9.71465
629,8.98557
630,9.61212
631,8.90149
632,9.51081
633,8.81835
634,9.41072
635,8.73613
636,9.31181
637,8.6548
638,9.21409
639,8.57437
640,9.11753
641,8.4948
642,9.02211
643,8.4161
644,8.92783
645,8.33824
646,8.83467
647,8.26121
648,8.74261
649,8.18499
650,8.65164
651,8.10958
652,8.56175
653,8.03496
654,8.47292
655,7.96111
656,8.38514
657,7.88803
658,8.2984
659,7.81569
660,8.21268
661,7.7441
662,8.12797
663,7.67324
664,8.04427
665,7.60308
666,7.96155
667,7.53364
668,7.8798
669,7.46488
670,7.79902
671,7.39681
672,7.71919
673,7.3294
674,7.6403
675,7.26266
676,7.56234
677,7.19656
678,7.4853
679,7.13111
680,7.40916
681,7.06628
682,7.33392
683,7.00208
684,7.25956
685,6.93849
686,7.18607
687,6.8755
688,7.11345
689,6.81311
690,7.04168
691,6.7513
692,6.97076
693,6.69008
694,6.90066
695,6.62942
696,6.83139
697,6.56933
698,6.76292
699,6.50979
700,6.69526
701,6.45081
702,6.62839
703,6.39237
704,6.5623
705,6.33446
706,6.49698
707,6.27709
708,6.43243
709,6.22024
710,6.36862
711,6.16391
712,6.30556
713,6.10809
714,6.24323
715,6.05278
716,6.18163
717,5.99797
718,6.12074
719,5.94367
720,6.06055
721,5.88985
722,6.00106
723,5.83653
724,5.94226
725,5.78369
726,5.88414
727,5.73133
728,5.82668
729,5.67945
730,5.76989
731,5.62804
732,5.71374
733,5.5771
734,5.65824
735,5.52662
736,5.60338
737,5.4766
738,5.54914
739,5.42704
740,5.49552
741,5.37794
742,5.44251
743,5.32928
744,5.3901
745,5.28107
746,5.33828
747,5.23331
748,5.28706
749,5.18598
750,5.2364
751,5.13909
752,5.18632
753,5.09264
754,5.13681
755,5.04661
756,5.08785
757,5.00101
758,5.03943
759,4.95583
760,4.99156
761,4.91108
762,4.94422
763,4.86674
764,4.89741
765,4.82282
766,4.85112
767,4.77931
768,4.80534
769,4.7362
770,4.76007
771,4.6935
772,4.7153
773,4.65121
774,4.67102
775,4.60931
776,4.62723
777,4.56781
778,4.58392
779,4.5267
780,4.54108
781,4.48598
782,4.49871
783,4.44564
784,4.45681
785,4.4057
786,4.41536
787,4.36613
788,4.37436
789,4.32693
790,4.33381
791,4.28812
792,4.29369
793,4.24967
794,4.25401
795,4.21159
796,4.21476
797,4.17388
798,4.17593
799,4.13653
800,4.13751
801,4.09954
802,4.09951
803,4.0629
804,4.06192
805,4.02662
806,4.02473
807,3.99069
808,3.98793
809,3.9551
810,3.95153
811,3.91986
812,3.91551
813,3.88496
814,3.87987
815,3.8504
816,3.84462
817,3.81617
818,3.80973
819,3.78227
820,3.77521
821,3.74871
822,3.74106
823,3.71546
824,3.70727
825,3.68254
826,3.67383
827,3.64995
828,3.64074
829,3.61766
830,3.608
831,3.58569
832,3.57559
833,3.55404
834,3.54353
835,3.52269
836,3.5118
837,3.49164
838,3.4804
839,3.4609
840,3.44933
841,3.43046
842,3.41858
843,3.40031
844,3.38814
845,3.37046
846,3.35802
847,3.34089
848,3.32821
849,3.31162
850,3.29871
851,3.28263
852,3.26951
853,3.25392
854,3.24061
855,3.2255
856,3.21201
857,3.19735
858,3.1837
859,3.16947
860,3.15567
861,3.14186
862,3.12794
863,3.11453
864,3.10048
865,3.08746
866,3.0733
867,3.06065
868,3.0464
869,3.0341
870,3.01977
871,3.00781
872,2.99342
873,2.98178
874,2.96732
875,2.956
876,2.94149
877,2.93047
878,2.91592
879,2.90519
880,2.89061
881,2.88015
882,2.86555
883,2.85536
884,2.84074
885,2.8308
886,2.81618
887,2.80649
888,2.79186
889,2.78241
890,2.76779
891,2.75856
892,2.74396
893,2.73494
894,2.72036
895,2.71155
896,2.697
897,2.68839
898,2.67387
899,2.66545
900,2.65097
901,2.64273
902,2.62829
903,2.62023
904,2.60584
905,2.59794
906,2.58361
907,2.57588
908,2.5616
909,2.55402
910,2.5398
911,2.53237
912,2.51822
913,2.51093
914,2.49685
915,2.4897
916,2.47568
917,2.46867
918,2.45473
919,2.44784
920,2.43398
921,2.42721
922,2.41343
923,2.40678
924,2.39308
925,2.38654
926,2.37292
927,2.36649
928,2.35297
929,2.34664
930,2.3332
931,2.32697
932,2.31363
933,2.3075
934,2.29424
935,2.2882
936,2.27505
937,2.2691
938,2.25603
939,2.25017
940,2.2372
941,2.23142
942,2.21855
943,2.21285
944,2.20008
945,2.19445
946,2.18179
947,2.17623
948,2.16367
949,2.15818
950,2.14572
951,2.1403
952,2.12794
953,2.12259
954,2.11033
955,2.10504
956,2.09289
957,2.08766
958,2.07562
959,2.07045
960,2.05851
961,2.05339
962,2.04156
963,2.03649
964,2.02477
965,2.01976
966,2.00813
967,2.00318
968,1.99166
969,1.98675
970,1.97534
971,1.97048
972,1.95917
973,1.95435
974,1.94316
975,1.93838
976,1.92729
977,1.92256
978,1.91157
979,1.90688
980,1.896
981,1.89135
982,1.88058
983,1.87596
984,1.86529
985,1.86072
986,1.85015
987,1.84561
988,1.83515
989,1.83065
990,1.82029
991,1.81582
992,1.80557
993,1.80113
994,1.79098
995,1.78658
996,1.77653
997,1.77216
998,1.76221
999,1.75787
1000,1.74802
