0.58819,1.0053, ,0.999893,1.54406e-06,9.99689e-05,5.35382e-06,1
0.17345,1.5659, ,1,9.46036e-11,7.26899e-11,1.99017e-09,1
-0.036468,1.4053, ,1,8.14273e-10,5.50564e-10,2.39184e-09,1
0.072049,1.3102, ,1,4.07145e-09,3.27855e-09,1.07005e-08,1
0.54047,1.0593, ,0.999978,6.26111e-07,1.90286e-05,2.23485e-06,1
-0.25,1.6236, ,1,1.91819e-11,9.16688e-12,9.56899e-11,1
0.03182,1.5582, ,1,7.03674e-11,4.75018e-11,6.3773e-10,1
-0.2571,1.6415, ,1,1.38177e-11,6.51373e-12,7.56728e-11,1
-0.023798,1.4701, ,1,2.78004e-10,1.90128e-10,1.14094e-09,1
-0.39845,1.5091, ,1,3.25278e-10,8.2096e-11,5.00625e-10,1
0.057488,1.4731, ,1,2.99532e-10,2.23204e-10,1.62074e-09,1
-0.36056,1.4476, ,1,9.298e-10,2.37796e-10,1.19673e-09,1
0.4343,1.2806, ,1,2.11305e-08,1.2243e-07,1.53969e-07,1
0.35152,1.3097, ,1,9.38631e-09,2.21215e-08,5.66032e-08,1
0.092182,1.4161, ,1,7.98925e-10,6.45679e-10,3.4755e-09,1
0.1715,1.4958, ,1,2.86795e-10,2.40284e-10,3.03646e-09,1
0.17386,1.4848, ,1,3.43565e-10,2.92816e-10,3.34807e-09,1
-0.12015,1.4212, ,1,6.47735e-10,3.73875e-10,1.64808e-09,1
-0.066416,1.4539, ,1,3.56874e-10,2.31077e-10,1.20402e-09,1
0.1115,1.4004, ,1,1.06642e-09,8.94536e-10,4.52973e-09,1
0.41953,1.1974, ,0.999999,5.92544e-08,3.15677e-07,2.48433e-07,1
0.2523,1.5178, ,1,2.78589e-10,2.75137e-10,5.88248e-09,1
0.29505,1.1811, ,1,4.43217e-08,7.76642e-08,1.25281e-07,1
-8.0962e-05,1.5069, ,1,1.55329e-10,1.06748e-10,8.51052e-10,1
0.27695,1.3344, ,1,4.81032e-09,6.72183e-09,2.49136e-08,1
-0.057154,1.5186, ,1,1.19278e-10,7.68624e-11,5.80933e-10,1
-0.15825,1.4338, ,1,5.48444e-10,2.91781e-10,1.32937e-09,1
0.4283,0.40593, ,0.991519,0.00693131,0.00115626,0.000393195,1
0.14788,1.424, ,1,8.13636e-10,7.08073e-10,4.48679e-09,1
-0.059371,1.5732, ,1,4.67908e-11,2.90403e-11,3.24602e-10,1
0.1969,1.5662, ,1,1.03005e-10,8.22962e-11,2.52649e-09,1
0.22786,1.4473, ,1,7.46201e-10,7.52627e-10,6.99109e-09,1
0.38144,1.4154, ,1,2.41611e-09,6.37506e-09,4.18806e-08,1
0.38397,1.3068, ,1,1.14071e-08,3.63827e-08,7.83214e-08,1
0.57625,1.1041, ,0.999974,4.51622e-07,2.37414e-05,2.14825e-06,1
-0.087753,1.5044, ,1,1.49651e-10,9.34398e-11,6.13088e-10,1
0.90825,1.3475, ,0.990683,3.33421e-07,0.0090402,0.000276807,1
0.14048,0.5947, ,0.999237,0.000692504,3.08734e-05,3.93042e-05,1
0.4421,1.3959, ,1,4.4682e-09,2.40572e-08,9.62994e-08,1
0.38627,1.44, ,1,1.73139e-09,4.59269e-09,4.00127e-08,1
-0.6064,1.4623, ,1,4.59526e-09,3.08441e-10,2.1021e-09,1
0.4442,1.0033, ,0.999991,7.84414e-07,6.02479e-06,1.93979e-06,1
0.23438,1.2759, ,1,9.6059e-09,1.17658e-08,3.25881e-08,1
0.628,0.79784, ,0.997929,1.99333e-05,0.00200258,4.81851e-05,1
0.63449,0.42574, ,0.96259,0.00385803,0.0325879,0.000963656,1
0.42942,1.4098, ,1,3.407e-09,1.53232e-08,7.76509e-08,1
0.027048,1.3871, ,1,1.14056e-09,8.52646e-10,3.62411e-09,1
0.55467,0.58451, ,0.996903,0.000323656,0.0025855,0.000188255,1
0.48032,1.5374, ,1,7.13907e-10,4.93412e-09,1.11396e-07,1
0.28433,1.0048, ,0.999998,5.13506e-07,7.4839e-07,8.55923e-07,1
0.19883,1.3573, ,1,2.60945e-09,2.67925e-09,1.16416e-08,1
0.13507,1.3457, ,1,2.61272e-09,2.3529e-09,9.13751e-09,1
-0.36841,1.4604, ,1,7.47966e-10,1.91047e-10,9.98761e-10,1
0.31711,1.3914, ,1,2.49775e-09,4.0724e-09,2.34921e-08,1
0.28066,1.3846, ,1,2.3536e-09,3.15138e-09,1.74045e-08,1
0.45696,1.0194, ,0.999991,6.75276e-07,6.17683e-06,1.78157e-06,1
-0.23783,1.4815, ,1,2.73762e-10,1.23198e-10,6.54253e-10,1
0.42935,0.76121, ,0.999892,2.09751e-05,6.69574e-05,2.04165e-05,1
0.20455,1.5022, ,1,2.92528e-10,2.59033e-10,3.93973e-09,1
0.53249,1.2625, ,0.999998,4.74428e-08,1.10697e-06,5.19559e-07,1
-0.37383,1.4506, ,1,9.46892e-10,2.28856e-10,1.17175e-09,1
0.40208,0.96181, ,0.999991,1.16621e-06,5.07541e-06,2.35682e-06,1
-0.5833,1.5911, ,1,2.13686e-10,2.50512e-11,2.29437e-10,1
0.63684,1.0018, ,0.999675,2.15658e-06,0.000313997,8.47575e-06,1
-0.22373,1.41, ,1,1.02079e-09,4.26658e-10,1.81864e-09,1
0.32616,1.3795, ,1,3.09464e-09,5.45457e-09,2.7683e-08,1
-0.0024959,1.4148, ,1,7.07022e-10,5.04391e-10,2.35247e-09,1
0.45125,1.0563, ,0.999995,4.16062e-07,3.54225e-06,1.18313e-06,1
0.058873,1.4108, ,1,8.14665e-10,6.32277e-10,3.12823e-09,1
-0.20028,1.4284, ,1,6.68579e-10,3.12987e-10,1.39895e-09,1
0.078962,1.6242, ,1,2.63951e-11,1.70708e-11,5.70046e-10,1
0.18401,0.99461, ,0.999998,6.02703e-07,4.35748e-07,6.83084e-07,1
-0.086634,1.4401, ,1,4.53251e-10,2.83125e-10,1.36393e-09,1
0.49159,0.61431, ,0.999018,0.000208262,0.000669737,0.000104303,1
-0.3496,1.4124, ,1,1.79693e-09,4.35873e-10,2.00071e-09,1
0.1559,1.4974, ,1,2.65312e-10,2.16505e-10,2.62729e-09,1
0.36596,1.1521, ,0.999999,8.47934e-08,2.64689e-07,2.5823e-07,1
0.17816,1.3456, ,1,2.92122e-09,2.87703e-09,1.15102e-08,1
-0.34372,1.5381, ,1,1.33967e-10,4.5739e-11,2.98977e-10,1
0.26902,1.2804, ,1,1.01116e-08,1.43442e-08,3.84779e-08,1
0.26548,1.349, ,1,3.72415e-09,4.85065e-09,2.01657e-08,1
-0.33838,1.4464, ,1,8.39169e-10,2.37728e-10,1.17507e-09,1
0.67663,1.4181, ,0.999993,1.65556e-08,3.74993e-06,3.35239e-06,1
0.50406,1.399, ,1,6.2308e-09,7.84614e-08,2.20966e-07,1
0.13148,1.4818, ,1,3.14397e-10,2.52406e-10,2.4372e-09,1
0.25594,1.3225, ,1,5.27631e-09,6.78084e-09,2.3669e-08,1
-0.24853,1.4432, ,1,5.90546e-10,2.40961e-10,1.13417e-09,1
0.34451,1.5589, ,1,2.29467e-10,3.40533e-10,1.50481e-08,1
-0.15092,1.4304, ,1,5.75537e-10,3.10923e-10,1.40257e-09,1
0.065232,1.333, ,1,2.82065e-09,2.249e-09,7.9252e-09,1
0.28329,1.3728, ,1,2.82779e-09,3.89474e-09,1.94022e-08,1
0.66026,0.43645, ,0.944441,0.0031668,0.0513554,0.00103722,1
-0.36929,1.5099, ,1,2.70604e-10,7.83214e-11,4.70718e-10,1
-0.20248,1.3536, ,1,2.76729e-09,1.10182e-09,4.05995e-09,1
-0.56884,1.5417, ,1,5.68187e-10,6.23541e-11,4.88461e-10,1
0.46779,1.3376, ,1,1.1721e-08,9.68238e-08,1.68021e-07,1
-0.078212,1.541, ,1,8.00081e-11,4.98197e-11,4.17348e-10,1
0.040362,1.6313, ,1,2.10215e-11,1.31464e-11,3.89575e-10,1
0.50733,1.1579, ,0.999996,1.55804e-07,2.74963e-06,7.39838e-07,1
0.25189,1.5176, ,1,2.78962e-10,2.75207e-10,5.86232e-09,1
0.3411,1.009, ,0.999997,5.3095e-07,1.27029e-06,1.04716e-06,1
-0.024125,1.4426, ,1,4.39296e-10,3.02708e-10,1.57012e-09,1
0.25844,1.3228, ,1,5.30156e-09,6.88462e-09,2.40255e-08,1
0.97393,1.0985, ,0.418691,4.92574e-06,0.580976,0.000328574,3
0.54185,1.3996, ,0.999999,7.91282e-09,1.7805e-07,3.82975e-07,1
0.32043,0.77322, ,0.999954,1.8989e-05,1.51751e-05,1.13947e-05,1
0.37918,1.0988, ,0.999999,1.79897e-07,6.52991e-07,4.86117e-07,1
-0.00081709,1.5658, ,1,5.79913e-11,3.79294e-11,4.83249e-10,1
0.70608,1.4432, ,0.999989,1.49258e-08,5.70664e-06,5.60651e-06,1
0.35005,1.4376, ,1,1.48554e-09,2.85968e-09,2.61521e-08,1
0.3461,1.7117, ,1,1.98339e-11,2.17286e-11,9.41037e-09,1
-0.39074,1.4575, ,1,9.12049e-10,2.06686e-10,1.09077e-09,1
0.40413,1.2649, ,1,2.23607e-08,9.30004e-08,1.2721e-07,1
-0.015197,1.419, ,1,6.53706e-10,4.57608e-10,2.14606e-09,1
-0.076763,1.3905, ,1,1.05995e-09,6.58516e-10,2.65462e-09,1
0.49046,1.4722, ,1,2.00285e-09,1.81928e-08,1.50591e-07,1
0.48792,0.52511, ,0.997647,0.000901903,0.00123994,0.000211357,1
0.37174,1.1306, ,0.999999,1.15216e-07,3.84337e-07,3.33742e-07,1
-0.12848,1.5609, ,1,5.54805e-11,3.22991e-11,2.77977e-10,1
-0.02957,1.4419, ,1,4.42849e-10,3.02908e-10,1.55517e-09,1
0.60133,1.4259, ,0.999999,8.33159e-09,4.83327e-07,9.27405e-07,1
-0.24801,1.6136, ,1,2.30919e-11,1.1073e-11,1.08839e-10,1
0.4987,1.4366, ,1,3.53224e-09,3.85836e-08,1.85378e-07,1
-0.11783,1.3132, ,1,4.45361e-09,2.21023e-09,7.23447e-09,1
0.23739,1.2445, ,1,1.52137e-08,1.92011e-08,4.62726e-08,1
-0.19505,1.5284, ,1,1.03971e-10,5.43175e-11,3.55541e-10,1
0.60609,1.3345, ,0.999997,3.00125e-08,2.13702e-06,1.16234e-06,1
-0.12198,1.4787, ,1,2.35496e-10,1.39461e-10,7.71243e-10,1
0.047233,1.4076, ,1,8.41614e-10,6.44106e-10,3.08314e-09,1
-0.07913,1.5058, ,1,1.4648e-10,9.24607e-11,6.20032e-10,1
-0.4351,1.4955, ,1,5.4917e-10,1.10932e-10,6.6961e-10,1
-0.14722,1.383, ,1,1.34804e-09,6.92322e-10,2.70497e-09,1
0.3569,1.0284, ,0.999997,4.24063e-07,1.20647e-06,9.15588e-07,1
-0.20135,1.4864, ,1,2.27867e-10,1.1421e-10,6.21811e-10,1
0.017892,1.8623, ,1,3.26584e-13,1.45097e-13,7.78943e-11,1
0.61636,0.90629, ,0.999435,5.54023e-06,0.000543438,1.642e-05,1
0.36395,1.3807, ,1,3.64547e-09,8.64632e-09,4.07273e-08,1
0.21689,1.3052, ,1,5.95033e-09,6.71401e-09,2.17631e-08,1
0.57445,0.77441, ,0.999142,2.16523e-05,0.00079558,4.12386e-05,1
0.5434,0.85191, ,0.999774,7.43718e-06,0.000202195,1.63117e-05,1
-0.03701,1.4509, ,1,3.79304e-10,2.56412e-10,1.36304e-09,1
-0.20594,1.5641, ,1,5.47573e-11,2.82714e-11,2.19807e-10,1
0.47515,1.2486, ,0.999999,4.0513e-08,4.15672e-07,2.88183e-07,1
0.37734,1.2698, ,1,1.83731e-08,5.75333e-08,9.62823e-08,1
0.92497,1.3979, ,0.991607,2.08019e-07,0.00797207,0.000420439,1
-0.30375,1.437, ,1,8.46576e-10,2.73387e-10,1.29276e-09,1
0.052849,1.4331, ,1,5.64629e-10,4.29979e-10,2.38608e-09,1
0.10811,1.4892, ,1,2.61487e-10,2.02589e-10,1.93316e-09,1
-0.25805,1.4816, ,1,2.91253e-10,1.22905e-10,6.53073e-10,1
0.42238,1.5008, ,1,8.62438e-10,3.01991e-09,5.22956e-08,1
0.028481,1.3828, ,1,1.22432e-09,9.17658e-10,3.83451e-09,1
0.7256,0.69195, ,0.955704,9.94603e-05,0.0439537,0.000242596,1
-0.086494,1.3041, ,1,4.86713e-09,2.63265e-09,8.38384e-09,1
0.44477,1.1888, ,0.999999,7.51514e-08,5.49026e-07,3.3004e-07,1
-0.093498,1.392, ,1,1.0488e-09,6.28274e-10,2.53252e-09,1
0.26625,1.4349, ,1,1.05049e-09,1.23208e-09,1.0862e-08,1
0.48732,1.3697, ,1,8.45223e-09,8.73431e-08,1.91625e-07,1
-0.42996,1.5639, ,1,1.24257e-10,3.09234e-11,2.28314e-10,1
-0.021252,1.3544, ,1,1.90684e-09,1.30037e-09,4.74999e-09,1
0.27582,1.4247, ,1,1.27427e-09,1.5802e-09,1.27094e-08,1
0.21263,1.4372, ,1,8.21866e-10,8.04888e-10,6.57255e-09,1
0.12232,1.474, ,1,3.46295e-10,2.77005e-10,2.4304e-09,1
-0.41581,1.5273, ,1,2.46834e-10,6.00674e-11,3.91055e-10,1
-0.1055,1.4545, ,1,3.56273e-10,2.1596e-10,1.08916e-09,1
0.33758,1.4447, ,1,1.25688e-09,2.1732e-09,2.18986e-08,1
-0.31152,1.5044, ,1,2.28549e-10,8.2954e-11,4.79432e-10,1
0.10259,1.3809, ,1,1.41605e-09,1.18582e-09,5.31957e-09,1
0.52406,0.78101, ,0.999676,1.7417e-05,0.000278077,2.83058e-05,1
0.68796,0.84795, ,0.994929,1.56623e-05,0.00500588,4.9092e-05,1
-0.26322,1.4029, ,1,1.37469e-09,4.83924e-10,2.05725e-09,1
0.15916,1.4806, ,1,3.49286e-10,2.91998e-10,3.05426e-09,1
0.47283,1.3776, ,1,6.93273e-09,5.77333e-08,1.53735e-07,1
-0.36187,1.4723, ,1,5.63198e-10,1.53386e-10,8.23845e-10,1
0.065811,1.3562, ,1,1.95665e-09,1.5601e-09,6.01689e-09,1
0.46929,0.74779, ,0.999802,2.5961e-05,0.000143721,2.83685e-05,1
-0.09267,1.4815, ,1,2.22103e-10,1.38116e-10,7.97733e-10,1
0.29402,1.347, ,1,4.29773e-09,6.47252e-09,2.58481e-08,1
0.10013,1.4701, ,1,3.46934e-10,2.71297e-10,2.16049e-09,1
-0.22096,1.5657, ,1,5.42857e-11,2.72288e-11,2.10027e-10,1
0.29996,1.3662, ,1,3.33926e-09,5.07575e-09,2.36042e-08,1
0.7848,1.1706, ,0.997944,9.31343e-07,0.00202888,2.59121e-05,1
-0.1346,1.389, ,1,1.1772e-09,6.32688e-10,2.5132e-09,1
0.55811,1.018, ,0.99995,1.12444e-06,4.50671e-05,3.7337e-06,1
-0.19986,1.5002, ,1,1.76049e-10,8.95638e-11,5.15583e-10,1
0.086802,1.5157, ,1,1.61361e-10,1.19066e-10,1.33248e-09,1
0.10356,1.354, ,1,2.15364e-09,1.82798e-09,7.19709e-09,1
0.45706,1.3227, ,1,1.35164e-08,9.88249e-08,1.57672e-07,1
0.1695,1.2656, ,1,9.40865e-09,9.41286e-09,2.63416e-08,1
-0.080665,1.4566, ,1,3.40727e-10,2.1573e-10,1.12168e-09,1
0.18587,0.90943, ,0.999994,2.48819e-06,1.26123e-06,1.79649e-06,1
0.54689,0.88303, ,0.999825,5.17606e-06,0.000157753,1.23799e-05,1
0.73466,0.88677, ,0.988995,1.3997e-05,0.0109379,5.33242e-05,1
-0.07267,1.6218, ,1,1.98372e-11,1.16827e-11,1.90442e-10,1
0.62517,1.2381, ,0.999985,1.2011e-07,1.30964e-05,1.94814e-06,1
0.36514,1.3461, ,1,6.00279e-09,1.5153e-08,5.04145e-08,1
0.25366,1.3756, ,1,2.41125e-09,2.89869e-09,1.47894e-08,1
-0.038813,1.3676, ,1,1.53436e-09,1.01729e-09,3.85429e-09,1
0.18293,1.4885, ,1,3.3468e-10,2.88642e-10,3.53016e-09,1
0.19729,1.4646, ,1,5.10701e-10,4.66689e-10,4.72847e-09,1
0.38586,1.4553, ,1,1.37932e-09,3.5467e-09,3.74795e-08,1
-0.3831,-1.2708, ,3.92894e-05,0.999875,5.36297e-07,8.56564e-05,2
-0.38404,-1.3701, ,4.0361e-05,0.999749,3.37351e-07,0.000210339,2
-0.42964,-1.4531, ,4.16845e-05,0.998785,3.28296e-07,0.00117346,2
-0.46476,-1.1113, ,3.8609e-05,0.999863,1.93815e-06,9.66726e-05,2
-0.50166,-1.1747, ,3.33623e-05,0.999666,1.91625e-06,0.000298773,2
-0.43948,-1.3415, ,3.64901e-05,0.999511,5.84587e-07,0.000451685,2
-0.36217,-0.8973, ,8.00451e-05,0.999903,2.88208e-06,1.43227e-05,2
-0.52638,-1.3268, ,3.09793e-05,0.997883,1.24239e-06,0.00208504,2
-0.80772,-0.92751, ,5.72812e-05,0.992397,9.16399e-05,0.00745456,2
-0.66001,-1.0572, ,3.15227e-05,0.99821,1.10281e-05,0.00174789,2
-0.79767,-1.0309, ,3.98831e-05,0.982035,6.06032e-05,0.0178649,2
-0.18274,-1.8115, ,0.000122081,0.999497,6.70789e-09,0.000381002,2
-0.23029,-1.377, ,4.70009e-05,0.999938,1.09401e-07,1.49515e-05,2
-0.39118,-1.4919, ,4.66461e-05,0.99913,2.01305e-07,0.000823181,2
-0.6957,-0.94061, ,4.32708e-05,0.998787,2.29576e-05,0.0011463,2
-0.45355,-1.0234, ,4.64674e-05,0.999903,2.6551e-06,4.76512e-05,2
-0.71839,-0.94694, ,4.33965e-05,0.998133,2.84959e-05,0.00179466,2
-0.39581,-1.1511, ,4.16994e-05,0.999914,1.02852e-06,4.32489e-05,2
-0.36572,-1.396, ,4.21883e-05,0.999766,2.60034e-07,0.000191079,2
-0.32869,-1.4217, ,4.502e-05,0.999833,1.73949e-07,0.000122235,2
-0.81102,-1.1386, ,2.93228e-05,0.924513,5.30469e-05,0.0754042,2
-0.28566,-1.3988, ,4.58083e-05,0.999908,1.4296e-07,4.57512e-05,2
-0.38013,-1.3043, ,3.94514e-05,0.999852,4.47901e-07,0.000107972,2
-0.77034,-0.97979, ,4.32874e-05,0.993636,4.80181e-05,0.00627294,2
-0.3183,-1.2345, ,4.37042e-05,0.999933,4.15491e-07,2.26324e-05,2
-0.29289,-1.4467, ,4.76996e-05,0.999873,1.17509e-07,7.95523e-05,2
-0.42723,-1.2556, ,3.66706e-05,0.9998,7.8562e-07,0.000162726,2
-0.36545,-1.3828, ,4.17308e-05,0.99979,2.76527e-07,0.000167896,2
-0.53179,-1.2632, ,3.01935e-05,0.998769,1.68092e-06,0.00119918,2
-0.5308,-1.2019, ,3.08979e-05,0.99932,2.13703e-06,0.000646729,2
-0.78539,-0.97817, ,4.53172e-05,0.991723,5.89211e-05,0.0081723,2
-0.34009,-1.33, ,4.18448e-05,0.999891,2.97956e-07,6.65063e-05,2
-0.84788,-0.81735, ,9.6379e-05,0.994318,0.000211686,0.00537388,2
-0.21936,-1.4796, ,5.15085e-05,0.99992,5.75361e-08,2.81345e-05,2
-0.5349,-1.2336, ,3.01877e-05,0.99902,1.9422e-06,0.00094737,2
-0.3275,-1.2076, ,4.39877e-05,0.999934,5.04931e-07,2.19605e-05,2
-0.48035,-1.5183, ,4.36785e-05,0.993011,3.77645e-07,0.00694499,2
-0.44948,-1.3325, ,3.57175e-05,0.999464,6.56874e-07,0.000499645,2
-0.42669,-1.4618, ,4.24292e-05,0.998743,3.0822e-07,0.00121453,2
-0.56939,-0.97952, ,4.16227e-05,0.999754,6.88821e-06,0.000197666,2
-0.56737,-1.2552, ,2.82041e-05,0.997777,2.33095e-06,0.00219218,2
-0.44327,-1.2823, ,3.55926e-05,0.999688,7.83053e-07,0.000275857,2
-0.59301,-1.0144, ,3.69217e-05,0.999582,7.20907e-06,0.000373689,2
-0.35547,-1.2101, ,4.21197e-05,0.999923,5.96812e-07,3.42867e-05,2
-0.34577,-1.4607, ,4.64768e-05,0.999708,1.63259e-07,0.000245308,2
-0.33781,-1.4203, ,4.45536e-05,0.999812,1.87477e-07,0.000142896,2
-0.46699,-1.1334, ,3.7297e-05,0.999843,1.78676e-06,0.000118009,2
-0.5201,-1.0009, ,4.29399e-05,0.999845,4.4865e-06,0.00010799,2
-0.94879,-1.1694, ,1.72103e-05,0.290164,0.000215254,0.709604,4
-0.31326,-1.2999, ,4.30564e-05,0.999924,2.88142e-07,3.31045e-05,2
-0.45021,-1.2244, ,3.55787e-05,0.999777,1.06505e-06,0.00018614,2
-0.51831,-1.245, ,3.10714e-05,0.999192,1.62559e-06,0.000775787,2
-0.52123,-1.2775, ,3.08209e-05,0.998836,1.45642e-06,0.00113203,2
-0.42887,-1.7362, ,8.86156e-05,0.966827,8.96779e-08,0.0330839,2
-0.47253,-1.2562, ,3.38174e-05,0.999595,1.09152e-06,0.000369707,2
-0.52964,-1.1448, ,3.25922e-05,0.999588,2.6694e-06,0.000376357,2
-0.61772,-1.0837, ,3.09317e-05,0.998921,6.84302e-06,0.00104151,2
-0.71506,-1.2399, ,2.24882e-05,0.964671,1.06315e-05,0.0352963,2
-0.46638,-1.2617, ,3.41774e-05,0.999617,1.01791e-06,0.000347703,2
-0.44174,-1.2952, ,3.57356e-05,0.999661,7.30982e-07,0.000302382,2
-0.34186,-1.4197, ,4.43427e-05,0.999802,1.93814e-07,0.000153226,2
-0.44024,-0.9936, ,5.12303e-05,0.999911,2.79815e-06,3.51179e-05,2
-0.38918,-1.1705, ,4.12862e-05,0.999913,8.99095e-07,4.43973e-05,2
-0.44337,-0.97918, ,5.28156e-05,0.99991,3.04162e-06,3.45875e-05,2
-0.33354,-1.2522, ,4.24316e-05,0.999925,4.19695e-07,3.2461e-05,2
-0.41673,-1.3396, ,3.77867e-05,0.999672,4.96299e-07,0.000289362,2
-0.40157,-1.4378, ,4.23173e-05,0.999384,2.81217e-07,0.000573387,2
-0.49536,-1.365, ,3.37233e-05,0.998271,8.21569e-07,0.00169461,2
-0.6801,-0.93451, ,4.37204e-05,0.9991,2.01157e-05,0.000836637,2
-0.35984,-1.4305, ,4.40411e-05,0.999717,2.10626e-07,0.000238435,2
-0.48585,-1.6001, ,5.28634e-05,0.978982,2.77549e-07,0.0209644,2
-0.81673,-1.0834, ,3.56861e-05,0.954128,6.8982e-05,0.0457673,2
-0.42239,-1.2302, ,3.72914e-05,0.999841,8.52139e-07,0.000120469,2
-0.47863,-1.1954, ,3.43087e-05,0.999726,1.48333e-06,0.000238604,2
-0.41913,-1.2237, ,3.76208e-05,0.999854,8.58112e-07,0.000107975,2
-0.39565,-1.5951, ,5.8476e-05,0.997093,1.29278e-07,0.00284869,2
-0.3393,-1.3899, ,4.32504e-05,0.999846,2.20289e-07,0.000110853,2
-0.39008,-1.6102, ,6.12334e-05,0.99692,1.14865e-07,0.00301858,2
-0.44925,-1.1691, ,3.70782e-05,0.999846,1.35185e-06,0.000115955,2
-0.33447,-1.333, ,4.21651e-05,0.999896,2.82196e-07,6.18304e-05,2
-0.48397,-1.0524, ,4.11426e-05,0.999869,2.84241e-06,8.71676e-05,2
-0.46104,-1.4129, ,3.76128e-05,0.998534,5.0604e-07,0.0014283,2
-0.2862,-1.4667, ,4.91315e-05,0.999866,1.0081e-07,8.45306e-05,2
-0.48141,-1.4148, ,3.6461e-05,0.99777,5.93245e-07,0.00219325,2
-0.29002,-1.5705, ,5.89583e-05,0.999689,6.07001e-08,0.000251496,2
-0.45464,-1.323, ,3.52481e-05,0.999462,7.12598e-07,0.000501838,2
-0.34709,-1.4401, ,4.51582e-05,0.999749,1.8241e-07,0.000205552,2
-0.74696,-1.0576, ,3.29209e-05,0.991005,2.84582e-05,0.00893402,2
-0.35755,-1.4492, ,4.52111e-05,0.99968,1.89069e-07,0.000274355,2
-0.57233,-1.0821, ,3.30938e-05,0.999502,4.74272e-06,0.00046044,2
-0.38907,-1.3068, ,3.89523e-05,0.999831,4.71803e-07,0.000129349,2
-0.36997,-1.5016, ,4.85305e-05,0.999354,1.62095e-07,0.000597648,2
-0.44663,-1.2118, ,3.60493e-05,0.999806,1.09794e-06,0.000157038,2
-0.3879,-1.1469, ,4.25039e-05,0.999919,9.97356e-07,3.73491e-05,2
-0.39868,-1.138, ,4.21696e-05,0.999915,1.11419e-06,4.15418e-05,2
-0.36694,-1.3125, ,4.02471e-05,0.999868,3.92194e-07,9.18076e-05,2
-0.41408,-1.2576, ,3.74803e-05,0.99983,7.08932e-07,0.000131353,2
-0.64689,-0.98867, ,3.7493e-05,0.999201,1.23742e-05,0.000749098,2
-0.41629,-1.399, ,3.96054e-05,0.999446,3.77144e-07,0.000513847,2
-0.43804,-1.3188, ,3.6186e-05,0.99961,6.39912e-07,0.000352932,2
-0.35441,-1.2507, ,4.12295e-05,0.999913,4.85766e-07,4.50748e-05,2
-0.43838,-1.1744, ,3.76509e-05,0.99986,1.22535e-06,0.000100846,2
-0.46201,-1.0002, ,4.8219e-05,0.999901,3.09939e-06,4.77037e-05,2
-0.38129,-1.1135, ,4.50561e-05,0.999926,1.12212e-06,2.79649e-05,2
-0.59088,-0.8514, ,5.97863e-05,0.999798,1.30465e-05,0.000128873,2
-0.42929,-1.3719, ,3.7881e-05,0.999459,4.7167e-07,0.000502575,2
-0.51058,-1.3318, ,3.20153e-05,0.998356,1.06857e-06,0.00161087,2
-0.43825,-1.3677, ,3.72299e-05,0.99939,5.15196e-07,0.000572178,2
-0.45035,-1.0663, ,4.28178e-05,0.999897,2.15054e-06,5.76517e-05,2
-0.6182,-0.90614, ,4.85126e-05,0.999684,1.30482e-05,0.000254185,2
-0.32796,-1.4184, ,4.48986e-05,0.999838,1.75882e-07,0.000116955,2
-0.29859,-1.5682, ,5.84451e-05,0.999651,6.57911e-08,0.00029092,2
-0.45102,-1.0946, ,4.06966e-05,0.999888,1.90454e-06,6.95366e-05,2
-0.33884,-1.6965, ,8.24691e-05,0.997124,4.86382e-08,0.00279301,2
-0.42582,-1.482, ,4.39569e-05,0.99847,2.79414e-07,0.00148604,2
-0.29947,-1.3571, ,4.41655e-05,0.999915,1.95567e-07,4.11249e-05,2
-0.24197,-1.5429, ,5.65652e-05,0.999868,4.81809e-08,7.56246e-05,2
-0.28573,-1.281, ,4.45427e-05,0.999937,2.64701e-07,1.85471e-05,2
-0.78508,-0.99375, ,4.31322e-05,0.990378,5.62493e-05,0.00952265,2
-0.52509,-1.3654, ,3.19193e-05,0.996887,1.05019e-06,0.00308003,2
-0.63212,-1.1133, ,2.8884e-05,0.998169,6.98865e-06,0.00179479,2
-0.56988,-1.2693, ,2.80306e-05,0.997301,2.25457e-06,0.00266837,2
-0.44533,-1.5731, ,5.22708e-05,0.993636,2.19355e-07,0.00631134,2
-0.58854,-1.0555, ,3.39475e-05,0.999475,5.96371e-06,0.000485465,2
-0.28959,-1.2501, ,4.49034e-05,0.999939,3.18992e-07,1.61252e-05,2
-0.37659,-1.3459, ,4.0171e-05,0.999813,3.58168e-07,0.000146571,2
-0.35405,-1.3141, ,4.09643e-05,0.999884,3.55371e-07,7.42422e-05,2
-0.36779,-1.558, ,5.46355e-05,0.998895,1.21689e-07,0.00105004,2
-0.35949,-1.849, ,0.000149154,0.969984,2.7582e-08,0.0298669,2
-0.51005,-1.5206, ,4.17161e-05,0.986548,4.84545e-07,0.0134094,2
-0.44718,-1.3506, ,3.6239e-05,0.999391,5.9573e-07,0.000572122,2
-0.3946,-1.3501, ,3.92678e-05,0.999748,4.00873e-07,0.000211954,2
-0.365,-1.1829, ,4.24647e-05,0.999924,7.24768e-07,3.31767e-05,2
-0.31655,-1.3419, ,4.31517e-05,0.999908,2.38079e-07,4.87698e-05,2
-0.30719,-1.4327, ,4.64334e-05,0.999862,1.40332e-07,9.10124e-05,2
-0.46499,-1.1923, ,3.52883e-05,0.99978,1.36295e-06,0.000183138,2
-0.65079,-0.8868, ,5.07365e-05,0.999566,1.81559e-05,0.000365357,2
-0.45276,-1.3505, ,3.59043e-05,0.999328,6.22394e-07,0.000635969,2
-0.272,-1.3915, ,4.6063e-05,0.99992,1.34871e-07,3.3889e-05,2
-0.61498,-1.1663, ,2.74403e-05,0.997768,4.94037e-06,0.00220011,2
-0.31989,-1.3647, ,4.34215e-05,0.999894,2.17197e-07,6.26026e-05,2
-0.5139,-1.03, ,4.06548e-05,0.999837,3.81628e-06,0.000118603,2
-0.42922,-1.2471, ,3.66228e-05,0.999806,8.28145e-07,0.000156567,2
-0.79316,-1.1033, ,3.1648e-05,0.963962,4.60295e-05,0.0359601,2
-0.45697,-0.95169, ,5.53428e-05,0.999904,3.72464e-06,3.70196e-05,2
-0.4226,-1.315, ,3.70604e-05,0.999707,5.80022e-07,0.00025584,2
-0.48534,-1.3723, ,3.4555e-05,0.998463,7.34111e-07,0.00150184,2
-0.49306,-1.2441, ,3.26183e-05,0.999485,1.34211e-06,0.000481155,2
-0.48293,-1.2455, ,3.32374e-05,0.999561,1.23566e-06,0.000404784,2
-0.3965,-1.557, ,5.30964e-05,0.998072,1.55393e-07,0.0018751,2
-0.38635,-1.424, ,4.23788e-05,0.999586,2.66306e-07,0.000371093,2
-0.46144,-1.1818, ,3.58217e-05,0.999805,1.3915e-06,0.000157833,2
-0.41126,-1.5346, ,4.96747e-05,0.997973,1.95012e-07,0.00197718,2
-0.4927,-1.0689, ,3.91947e-05,0.999847,2.80866e-06,0.000111355,2
-0.44467,-1.2064, ,3.6298e-05,0.999817,1.1092e-06,0.000145097,2
-0.79684,-1.1555, ,2.71983e-05,0.930861,4.08696e-05,0.0690709,2
-0.6018,-0.91187, ,4.84007e-05,0.999733,1.12811e-05,0.000206859,2
-0.53375,-1.0535, ,3.73219e-05,0.999767,3.98065e-06,0.00019147,2
-0.5121,-1.1252, ,3.45354e-05,0.999728,2.54133e-06,0.000235082,2
-0.45429,-1.4297, ,3.88605e-05,0.998466,4.4509e-07,0.00149478,2
-0.8629,-1.1241, ,3.37654e-05,0.83005,0.000119907,0.169796,2
-0.49905,-1.2078, ,3.27315e-05,0.999582,1.636e-06,0.000383265,2
-0.54242,-1.4098, ,3.23741e-05,0.992755,1.01823e-06,0.00721157,2
-0.38581,-1.4632, ,4.47391e-05,0.999408,2.20568e-07,0.000547274,2
-0.37548,-1.5067, ,4.87278e-05,0.999247,1.65391e-07,0.000704045,2
-0.28611,-1.3393, ,4.44758e-05,0.999927,1.95617e-07,2.84447e-05,2
-0.33631,-1.4218, ,4.46914e-05,0.999814,1.84018e-07,0.000140937,2
-0.34676,-1.5883, ,5.96932e-05,0.998987,8.82909e-08,0.000953374,2
-0.61034,-0.96313, ,4.12771e-05,0.999614,9.98359e-06,0.000334342,2
-0.26518,-1.7966, ,0.000120086,0.998006,1.51793e-08,0.00187392,2
-0.36101,-1.4484, ,4.49997e-05,0.999664,1.94936e-07,0.000290869,2
-0.39433,-1.2535, ,3.87518e-05,0.999871,6.29179e-07,9.01183e-05,2
-0.4895,-1.2449, ,3.28328e-05,0.999512,1.30188e-06,0.000454061,2
-0.51165,-1.1722, ,3.27975e-05,0.999616,2.08512e-06,0.000348702,2
-0.49095,-1.1931, ,3.35626e-05,0.999674,1.63897e-06,0.000290644,2
-0.47634,-1.1904, ,3.45841e-05,0.999744,1.49067e-06,0.000219538,2
-0.40327,-1.2001, ,3.92473e-05,0.999891,8.5867e-07,6.87518e-05,2
-0.69706,-0.99336, ,3.71235e-05,0.998066,1.96786e-05,0.00187673,2
-0.2343,-1.5087, ,5.34525e-05,0.999899,5.47347e-08,4.76849e-05,2
-0.47008,-1.1055, ,3.85415e-05,0.999858,2.06029e-06,0.000100929,2
-0.6194,-1.2266, ,2.59016e-05,0.99549,4.12166e-06,0.00448036,2
-0.35567,-1.3592, ,4.1562e-05,0.999845,2.88531e-07,0.000113094,2
-0.29834,-1.4464, ,4.74921e-05,0.999865,1.22538e-07,8.77023e-05,2
-0.44234,-1.2438, ,3.58217e-05,0.999771,9.2335e-07,0.000191805,2
-0.33784,-1.5943, ,6.09408e-05,0.999091,7.95953e-08,0.0008483,2
-0.72224,-1.0138, ,3.58604e-05,0.996339,2.42355e-05,0.00360137,2
-0.48425,-1.5713, ,4.91575e-05,0.98572,3.10638e-07,0.0142308,2
-0.44573,-1.4302, ,3.93963e-05,0.998694,4.14239e-07,0.00126645,2
-0.49508,-1.2356, ,3.25716e-05,0.999505,1.41261e-06,0.000460997,2
-0.72193,-0.89763, ,5.09819e-05,0.99867,3.43414e-05,0.00124441,2
-0.74022,-1.1791, ,2.45827e-05,0.970599,1.77914e-05,0.0293582,2
-0.2907,-1.6049, ,6.39459e-05,0.999571,5.11338e-08,0.000365375,2
-0.42068,-1.428, ,4.07241e-05,0.999205,3.42148e-07,0.000753487,2
-0.41152,-1.3345, ,3.79939e-05,0.999711,4.88648e-07,0.000250329,2
-0.46488,-1.2573, ,3.42905e-05,0.99964,1.02604e-06,0.000324804,2
-0.42664,-1.1937, ,3.7844e-05,0.999865,1.03632e-06,9.64043e-05,2
-0.45014,-1.2071, ,3.59187e-05,0.999803,1.14928e-06,0.00016041,2
-0.49578,-1.2096, ,3.29041e-05,0.999598,1.58439e-06,0.000367298,2
-0.53477,-1.2945, ,3.01027e-05,0.998218,1.51798e-06,0.00175033,2
-0.4398,-1.1163, ,4.023e-05,0.999891,1.60614e-06,6.76097e-05,2
1.5144,1.0222, ,3.12033e-10,5.01835e-12,1,6.04902e-08,3
0.98554,0.57083, ,0.00910614,1.51439e-05,0.990815,6.36924e-05,3
1.5272,1.1614, ,4.21478e-10,2.5985e-12,1,3.02578e-07,3
1.3036,0.97296, ,1.571e-06,2.56698e-09,0.999997,1.16092e-06,3
1.5545,1.3121, ,4.14236e-10,8.74564e-13,0.999998,1.72086e-06,3
1.1955,1.1708, ,0.000582908,3.64584e-08,0.99935,6.72985e-05,3
1.4824,1.1825, ,3.86114e-09,1.01259e-11,0.999999,8.78181e-07,3
1.1596,1.06, ,0.000798271,1.01951e-07,0.999173,2.83046e-05,3
1.4755,1.1894, ,5.59126e-09,1.23918e-11,0.999999,1.08742e-06,3
1.4025,1.0068, ,3.42809e-08,1.47979e-10,1,3.42401e-07,3
1.5881,0.67863, ,4.83386e-11,1.28923e-12,1,3.98901e-10,3
1.4473,0.97021, ,4.14849e-09,4.26117e-11,1,1.03824e-07,3
1.3705,1.2078, ,6.76478e-07,2.78862e-10,0.999991,7.87408e-06,3
1.1228,1.0525, ,0.00284349,2.57987e-07,0.997112,4.3947e-05,3
1.4226,1.2013, ,6.60281e-08,6.05068e-11,0.999997,3.1005e-06,3
1.3685,0.51919, ,4.98982e-08,1.35624e-09,1,1.97484e-08,3
1.2956,0.94762, ,1.80586e-06,3.33655e-09,0.999997,9.97161e-07,3
1.4739,1.4111, ,5.04186e-08,1.02187e-11,0.999968,3.22427e-05,3
1.1737,0.79135, ,6.41849e-05,1.0702e-07,0.999934,1.96639e-06,3
1.2668,1.2477, ,7.5536e-05,5.05979e-09,0.999857,6.79374e-05,3
1.3135,1.3254, ,2.47069e-05,1.29873e-09,0.99987,0.000105,3
1.2337,0.9104, ,1.52917e-05,1.85822e-08,0.999983,1.82355e-06,3
1.3882,0.7156, ,1.91692e-08,4.31727e-10,1,2.44273e-08,3
1.2818,0.76704, ,1.07609e-06,6.96293e-09,0.999999,2.44939e-07,3
1.459,1.1237, ,6.90294e-09,2.26464e-11,0.999999,5.84039e-07,3
1.0284,0.7593, ,0.00711135,3.57475e-06,0.99286,2.52897e-05,3
1.3677,0.67023, ,3.82694e-08,8.67293e-10,1,2.76673e-08,3
1.4224,0.90694, ,8.49292e-09,1.01398e-10,1,7.77739e-08,3
1.5296,1.0154, ,1.58333e-10,3.17839e-12,1,4.24472e-08,3
1.418,1.0482, ,2.36032e-08,8.73393e-11,1,4.38679e-07,3
1.1809,1.0627, ,0.000370719,5.90183e-08,0.999608,2.14378e-05,3
1.1523,0.97329, ,0.000500011,1.35796e-07,0.999488,1.20871e-05,3
1.436,1.2761, ,7.24864e-08,3.70422e-11,0.999993,7.33577e-06,3
1.4939,1.194, ,2.5149e-09,6.9795e-12,0.999999,8.48922e-07,3
1.3239,1.408, ,3.97538e-05,9.25511e-10,0.999638,0.000322237,3
1.1976,1.2538, ,0.00125391,3.26127e-08,0.998544,0.00020195,3
1.2653,0.82299, ,2.66477e-06,9.54524e-09,0.999997,4.94298e-07,3
1.2026,0.68268, ,1.305e-05,6.58022e-08,0.999986,7.70408e-07,3
1.3904,0.98043, ,4.78599e-08,2.20584e-10,1,3.06676e-07,3
1.3728,0.85387, ,4.85643e-08,4.72962e-10,1,1.04666e-07,3
1.4376,0.8426, ,3.74479e-09,7.55412e-11,1,3.03227e-08,3
1.4801,1.3026, ,1.25532e-08,9.31082e-12,0.999995,5.2742e-06,3
1.2637,1.0525, ,1.41172e-05,6.74039e-09,0.99998,5.4852e-06,3
1.2759,0.698, ,1.01285e-06,9.60618e-09,0.999999,1.89196e-07,3
1.3877,0.90396, ,3.41671e-08,2.77767e-10,1,1.36188e-07,3
1.2919,0.86372, ,1.21807e-06,4.31737e-09,0.999998,4.51219e-07,3
1.5201,1.1603, ,5.7914e-10,3.25269e-12,1,3.37208e-07,3
1.4627,1.1698, ,8.45778e-09,1.88543e-11,0.999999,1.02676e-06,3
1.4615,0.90046, ,1.72163e-09,3.25519e-11,1,3.67263e-08,3
1.2502,1.0592, ,2.53626e-05,9.60691e-09,0.999967,7.31068e-06,3
1.441,1.1538, ,1.94955e-08,3.72064e-11,0.999999,1.18567e-06,3
1.2638,0.89228, ,4.29804e-06,8.67366e-09,0.999995,9.41092e-07,3
1.422,1.0178, ,1.61418e-08,8.19969e-11,1,2.82017e-07,3
1.603,1.1546, ,1.21725e-11,2.32261e-13,1,7.13828e-08,3
1.4602,1.2422, ,1.77386e-08,1.84464e-11,0.999997,2.99119e-06,3
1.3413,0.69121, ,9.62052e-08,1.69212e-09,1,5.15101e-08,3
1.3842,0.65687, ,2.24e-08,5.69589e-10,1,1.86952e-08,3
1.5083,1.372, ,6.67796e-09,3.58181e-12,0.99999,9.70587e-06,3
1.0628,0.78105, ,0.00269706,1.5697e-06,0.997287,1.4038e-05,3
1.2423,1.2874, ,0.000307358,9.64872e-09,0.999521,0.000171844,3
1.3165,1.0254, ,1.37866e-06,1.65146e-09,0.999997,1.73667e-06,3
1.2842,0.88134, ,1.82576e-06,5.13125e-09,0.999998,6.06287e-07,3
1.3273,1.0546, ,1.11399e-06,1.16882e-09,0.999997,2.08376e-06,3
1.6093,1.2265, ,1.44917e-11,1.66393e-13,1,1.79021e-07,3
1.6382,1.0999, ,2.08338e-12,8.16515e-14,1,1.75934e-08,3
1.4485,1.0502, ,6.41843e-09,3.52168e-11,1,2.69009e-07,3
1.0854,1.1287, ,0.0218119,5.96234e-07,0.978008,0.000179434,3
1.5358,1.2056, ,3.9913e-10,1.84549e-12,1,4.86345e-07,3
0.97471,0.61872, ,0.0159739,1.62163e-05,0.983938,7.23691e-05,3
1.119,0.68483, ,0.000235257,5.08755e-07,0.99976,4.10819e-06,3
1.6654,1.1144, ,6.89871e-13,3.20342e-14,1,1.2886e-08,3
1.2741,1.0127, ,6.81026e-06,5.3832e-09,0.99999,2.914e-06,3
1.2244,0.48174, ,3.86013e-06,6.96488e-08,0.999996,5.43382e-07,3
1.5806,0.45189, ,2.38144e-10,3.75398e-12,1,1.39016e-10,3
1.4943,1.3922, ,1.58961e-08,5.47224e-12,0.999983,1.69565e-05,3
1.5277,0.86136, ,1.39718e-10,4.8521e-12,1,7.34337e-09,3
1.6142,0.88134, ,7.45512e-12,3.0453e-13,1,1.83464e-09,3
1.4212,1.054, ,2.14421e-08,7.86874e-11,1,4.47118e-07,3
1.5897,1.3457, ,1.02768e-10,2.66589e-13,0.999998,1.57602e-06,3
1.4181,1.0498, ,2.37716e-08,8.68408e-11,1,4.46784e-07,3
1.3849,0.78582, ,2.39197e-08,3.94705e-10,1,4.49645e-08,3
1.2235,0.78885, ,1.04405e-05,3.04764e-08,0.999989,7.99416e-07,3
1.2696,0.97345, ,6.03536e-06,6.45819e-09,0.999992,2.00146e-06,3
1.1611,0.89287, ,0.000197135,1.22454e-07,0.999798,4.94012e-06,3
1.2508,1.0711, ,2.73949e-05,9.31226e-09,0.999964,8.37322e-06,3
1.6376,0.73574, ,8.1817e-12,2.23031e-13,1,2.54265e-10,3
1.2646,1.0101, ,9.6956e-06,6.98302e-09,0.999987,3.27771e-06,3
1.4731,0.9379, ,1.22647e-09,2.11429e-11,1,4.56182e-08,3
1.2007,0.9304, ,6.08193e-05,4.23183e-08,0.999935,3.73819e-06,3
1.2451,0.96002, ,1.41246e-05,1.26853e-08,0.999983,2.53795e-06,3
1.4087,0.9364, ,1.72263e-08,1.41796e-10,1,1.36182e-07,3
1.4484,0.9225, ,3.15849e-09,4.56707e-11,1,5.89446e-08,3
1.438,1.0372, ,9.25739e-09,4.93107e-11,1,2.73239e-07,3
1.2788,1.1349, ,1.57499e-05,4.03858e-09,0.999972,1.22501e-05,3
1.4205,0.77406, ,6.36098e-09,1.47432e-10,1,2.14337e-08,3
1.5004,1.3459, ,7.45231e-09,4.71577e-12,0.999993,7.33129e-06,3
1.637,0.89869, ,3.3275e-12,1.39011e-13,1,1.44887e-09,3
1.5714,1.1371, ,4.67341e-11,6.66608e-13,1,9.89913e-08,3
1.5755,1.2949, ,1.29059e-10,4.53159e-13,0.999999,9.14884e-07,3
1.249,0.96132, ,1.22739e-05,1.1416e-08,0.999985,2.42138e-06,3
1.2537,0.90759, ,7.00701e-06,1.10303e-08,0.999992,1.28752e-06,3
1.3391,1.4139, ,2.21214e-05,5.94523e-10,0.999696,0.000281626,3
0.95498,1.0526, ,0.454513,7.22847e-06,0.545236,0.000244044,3
1.5028,1.1694, ,1.37186e-09,5.49795e-12,0.999999,5.16091e-07,3
1.1769,0.77278, ,5.13382e-05,1.02534e-07,0.999947,1.69126e-06,3
1.3394,1.1597, ,1.63363e-06,7.21286e-10,0.999992,6.65631e-06,3
1.0243,0.76584, ,0.00845369,3.87141e-06,0.991515,2.75267e-05,3
1.3671,1.0797, ,2.60293e-07,3.64172e-10,0.999998,1.50598e-06,3
1.1629,0.96104, ,0.000308625,1.05803e-07,0.999682,9.0904e-06,3
1.2907,0.95563, ,2.31727e-06,3.75994e-09,0.999997,1.17702e-06,3
1.0632,0.87487, ,0.00515553,1.33723e-06,0.994822,2.09727e-05,3
1.137,1.316, ,0.0247736,1.50929e-07,0.974118,0.00110846,3
1.121,0.72353, ,0.000270975,4.45429e-07,0.999724,4.13546e-06,3
1.3636,1.1527, ,5.53742e-07,3.63755e-10,0.999995,4.12973e-06,3
1.3094,0.97172, ,1.23527e-06,2.19351e-09,0.999998,1.04329e-06,3
1.3082,1.1068, ,3.73786e-06,1.85327e-09,0.999991,5.41846e-06,3
1.3493,0.92408, ,1.81123e-07,7.90411e-10,0.999999,3.21844e-07,3
1.5006,1.3756, ,9.95836e-09,4.5533e-12,0.999988,1.16947e-05,3
1.5514,0.82097, ,7.05457e-11,2.60675e-12,1,3.09773e-09,3
1.3542,0.97887, ,2.11531e-07,6.21303e-10,0.999999,5.47707e-07,3
1.3939,1.1402, ,1.36207e-07,1.53385e-10,0.999998,2.14366e-06,3
1.2158,0.61324, ,6.37161e-06,5.64825e-08,0.999993,5.51381e-07,3
1.3711,0.954, ,8.98207e-08,4.03053e-10,1,3.12124e-07,3
1.4497,1.1884, ,1.77021e-08,2.72429e-11,0.999998,1.6534e-06,3
1.2523,0.78863, ,3.59761e-06,1.44468e-08,0.999996,4.79433e-07,3
1.5064,1.0877, ,6.44429e-10,5.65375e-12,1,1.60772e-07,3
1.3447,1.0116, ,3.93539e-07,7.67398e-10,0.999999,9.37547e-07,3
1.3641,0.92162, ,9.8095e-08,5.23736e-10,1,2.45029e-07,3
1.5645,1.0543, ,4.16938e-11,9.77995e-13,1,3.71607e-08,3
1.036,0.93822, ,0.0207725,2.28633e-06,0.979176,4.94701e-05,3
1.1191,1.0647, ,0.00362522,2.79231e-07,0.996321,5.32639e-05,3
1.3283,1.4863, ,8.32393e-05,7.97876e-10,0.998837,0.00108017,3
1.1974,1.0258, ,0.000145476,4.02754e-08,0.999844,1.09242e-05,3
1.1026,0.83113, ,0.000994677,5.65244e-07,0.998996,8.44611e-06,3
1.2288,1.0748, ,6.66065e-05,1.66701e-08,0.999921,1.22066e-05,3
1.33,0.80709, ,2.08005e-07,1.72932e-09,1,1.41928e-07,3
1.3032,0.94279, ,1.29329e-06,2.73479e-09,0.999998,8.3732e-07,3
1.2252,0.86353, ,1.53779e-05,2.51983e-08,0.999983,1.35862e-06,3
1.3456,0.91718, ,2.01578e-07,8.88607e-10,0.999999,3.17723e-07,3
1.4008,1.1231, ,8.78058e-08,1.284e-10,0.999998,1.52606e-06,3
1.3391,0.91844, ,2.63715e-07,1.06266e-09,0.999999,3.58594e-07,3
1.5557,0.77869, ,7.33623e-11,2.57583e-12,1,1.86425e-09,3
1.2436,0.84759, ,6.98086e-06,1.60816e-08,0.999992,8.73991e-07,3
1.4389,0.79908, ,3.34443e-09,8.11151e-11,1,1.93508e-08,3
1.6492,1.3515, ,5.65422e-12,3.63622e-14,0.999999,5.97508e-07,3
1.2515,1.0138, ,1.66473e-05,9.86782e-09,0.999979,4.18892e-06,3
1.1699,0.7825, ,6.96922e-05,1.19705e-07,0.999928,2.01184e-06,3
1.5419,1.0364, ,1.02236e-10,2.07112e-12,1,4.43555e-08,3
1.4055,1.157, ,9.503e-08,1.06581e-10,0.999998,2.22469e-06,3
1.0521,0.96454, ,0.0152231,1.53478e-06,0.984727,4.86733e-05,3
1.3791,1.0067, ,9.14407e-08,2.90965e-10,0.999999,5.04246e-07,3
1.3185,0.97012, ,8.48103e-07,1.71127e-09,0.999998,8.85191e-07,3
1.3168,0.36958, ,3.55813e-07,1.02104e-08,1,9.09272e-08,3
1.2169,1.1622, ,0.0002348,2.08884e-08,0.999721,4.40821e-05,3
1.0596,0.98654, ,0.0142835,1.25794e-06,0.985662,5.34791e-05,3
1.3281,0.87286, ,3.12297e-07,1.57942e-09,0.999999,2.69288e-07,3
1.0546,0.537, ,0.000963096,3.56262e-06,0.999016,1.75023e-05,3
1.4244,0.92739, ,8.61936e-09,9.15058e-11,1,9.41875e-08,3
1.7406,1.2645, ,3.53815e-14,1.79843e-15,1,2.75778e-08,3
1.3109,1.4685, ,0.000141738,1.32384e-09,0.998818,0.00104003,3
1.2831,1.0586, ,6.87544e-06,3.94711e-09,0.999989,4.37922e-06,3
1.3974,1.0621, ,6.30204e-08,1.55919e-10,0.999999,7.35098e-07,3
1.3238,0.78574, ,2.40328e-07,2.15233e-09,1,1.32738e-07,3
1.1553,0.78556, ,0.000118918,1.70773e-07,0.999878,2.65646e-06,3
1.2045,0.88115, ,3.72879e-05,4.16327e-08,0.99996,2.22071e-06,3
1.4449,0.72351, ,2.83909e-09,8.35811e-11,1,8.9642e-09,3
1.4622,0.52376, ,3.75661e-09,9.57511e-11,1,2.35922e-09,3
1.4527,1.2221, ,2.07706e-08,2.3781e-11,0.999997,2.53471e-06,3
1.451,1.296, ,4.46083e-08,2.29805e-11,0.999992,7.72624e-06,3
1.5817,1.1232, ,2.69769e-11,4.91512e-13,1,6.79997e-08,3
1.2827,1.3831, ,0.000170194,3.01957e-09,0.999429,0.000401243,3
1.3651,1.2388, ,1.14196e-06,3.15669e-10,0.999986,1.32969e-05,3
1.2275,0.72684, ,6.55967e-06,3.15041e-08,0.999993,5.39311e-07,3
1.3304,0.88741, ,3.09869e-07,1.4388e-09,0.999999,2.99803e-07,3
1.488,0.72946, ,7.12155e-10,2.31659e-11,1,4.20348e-09,3
1.4016,0.9671, ,2.76052e-08,1.63751e-10,1,2.17789e-07,3
1.4529,0.6627, ,2.60641e-09,7.9241e-11,1,4.97096e-09,3
1.1269,1.2541, ,0.0181116,2.00114e-07,0.981357,0.000531506,3
1.166,1.0519, ,0.000586813,8.74204e-08,0.99939,2.34644e-05,3
1.2528,1.0872, ,2.90804e-05,8.65259e-09,0.999961,9.9076e-06,3
0.99104,0.90529, ,0.0650895,6.30008e-06,0.934828,7.61589e-05,3
1.222,0.71114, ,7.436e-06,3.76107e-08,0.999992,5.65827e-07,3
1.1542,0.80808, ,0.000142139,1.6814e-07,0.999855,3.04062e-06,3
1.0325,0.88522, ,0.0152809,2.65889e-06,0.98468,3.65184e-05,3
1.3278,1.0513, ,1.06341e-06,1.15828e-09,0.999997,1.98517e-06,3
1.4644,0.99002, ,2.24082e-09,2.4561e-11,1,9.77882e-08,3
1.1367,0.68165, ,0.000127213,3.34957e-07,0.99987,2.87933e-06,3
1.2873,1.1393, ,1.16276e-05,3.18059e-09,0.999977,1.13952e-05,3
1.42,0.97438, ,1.33668e-08,9.44799e-11,1,1.73745e-07,3
1.453,1.3505, ,7.00918e-08,2.05083e-11,0.999983,1.72579e-05,3
1.3609,0.94328, ,1.2744e-07,5.49407e-10,1,3.27817e-07,3
1.6339,1.2405, ,4.91969e-12,7.20037e-14,1,1.41013e-07,3
1.3663,1.0424, ,2.01966e-07,3.95104e-10,0.999999,9.57946e-07,3
1.2676,1.0155, ,8.99062e-06,6.39003e-09,0.999988,3.33077e-06,3
1.4587,0.87352, ,1.78693e-09,3.7688e-11,1,2.88275e-08,3
1.2212,1.2976, ,0.000796266,1.69951e-08,0.998934,0.000269953,3
1.3608,0.93835, ,1.24094e-07,5.56241e-10,1,3.109e-07,3
1.4482,0.69653, ,2.7131e-09,8.20845e-11,1,6.85836e-09,3
1.383,1.3033, ,9.92889e-07,1.75981e-10,0.999973,2.57756e-05,3
1.4572,0.93662, ,2.33899e-09,3.40994e-11,1,5.93347e-08,3
-1.4907,-1.578, ,4.9181e-13,2.31655e-10,5.56077e-07,0.999999,4
-1.1184,-1.5033, ,2.74887e-09,2.7533e-05,9.98772e-07,0.999971,4
-1.1097,-1.6252, ,2.53796e-10,3.62319e-06,9.12316e-08,0.999996,4
-1.1317,-1.5155, ,1.67393e-09,1.51971e-05,7.99453e-07,0.999984,4
-1.111,-1.522, ,2.13958e-09,2.40571e-05,6.9576e-07,0.999975,4
-1.6111,-1.3993, ,3.0983e-12,4.58898e-10,3.44663e-05,0.999966,4
-1.2291,-1.6098, ,3.54598e-11,1.50541e-07,1.3954e-07,1,4
-1.158,-1.5707, ,3.19142e-10,2.55654e-06,2.79545e-07,0.999997,4
-1.1987,-1.6047, ,7.05687e-11,4.05685e-07,1.48257e-07,0.999999,4
-1.2439,-1.8122, ,2.36486e-13,1.43473e-09,1.89046e-09,1,4
-1.1822,-1.6513, ,3.42975e-11,2.6095e-07,5.62039e-08,1,4
-1.0262,-1.4921, ,1.92406e-08,0.000415537,1.21227e-06,0.999583,4
-1.28,-1.7875, ,2.02669e-13,8.3028e-10,3.45083e-09,1,4
-1.2153,-1.6893, ,7.57921e-12,4.516e-08,2.6398e-08,1,4
-1.1643,-1.5962, ,1.63133e-10,1.30442e-06,1.69312e-07,0.999999,4
-1.153,-1.5872, ,2.45671e-10,2.15167e-06,2.00593e-07,0.999998,4
-0.99149,-1.5044, ,3.05044e-08,0.000850007,9.86041e-07,0.999149,4
-1.1475,-1.4275, ,7.7548e-09,4.83929e-05,4.21938e-06,0.999947,4
-1.6241,-1.2849, ,3.14219e-11,2.7289e-09,0.000309691,0.99969,4
-1.0042,-1.5105, ,2.10038e-08,0.000546147,8.69945e-07,0.999453,4
-0.92204,-1.3745, ,1.17256e-06,0.0386719,1.08639e-05,0.961316,4
-1.2013,-1.6791, ,1.26086e-11,8.44768e-08,3.21771e-08,1,4
-1.3275,-1.4731, ,1.20197e-10,1.33611e-07,2.56828e-06,0.999997,4
-1.0398,-1.3487, ,2.30051e-07,0.00315737,1.58612e-05,0.996827,4
-1.1098,-1.6332, ,2.14042e-10,3.09928e-06,7.75979e-08,0.999997,4
-1.2414,-1.666, ,7.78411e-12,3.35178e-08,4.46372e-08,1,4
-1.2494,-1.7592, ,7.47392e-13,3.77414e-09,6.15132e-09,1,4
-1.3543,-1.2345, ,1.09652e-08,5.7099e-06,0.000205645,0.999789,4
-1.1199,-1.4739, ,4.89616e-09,4.49364e-05,1.74026e-06,0.999953,4
-1.731,-1.4515, ,8.58888e-14,1.48551e-11,2.57703e-05,0.999974,4
-1.0738,-1.4237, ,3.03614e-08,0.000376565,4.26302e-06,0.999619,4
-0.8871,-1.3508, ,3.17684e-06,0.117601,1.63472e-05,0.88238,4
-1.2135,-1.6725, ,1.15347e-11,6.72016e-08,3.74819e-08,1,4
-1.4271,-2.0021, ,3.44579e-17,1.80548e-13,3.02545e-11,1,4
-1.7232,-1.748, ,5.2988e-17,5.61828e-14,4.33732e-08,1,4
-1.182,-1.5906, ,1.31976e-10,8.70306e-07,1.92943e-07,0.999999,4
-1.1357,-1.5913, ,3.12818e-10,3.27371e-06,1.82422e-07,0.999997,4
-1.0797,-1.4835, ,8.33903e-09,0.000113808,1.422e-06,0.999885,4
-0.96045,-1.3943, ,4.08494e-07,0.0113,7.42188e-06,0.988692,4
-1.1452,-1.6066, ,1.87582e-10,1.85526e-06,1.35227e-07,0.999998,4
-1.0188,-1.5319, ,1.04161e-08,0.000254719,5.74652e-07,0.999745,4
-1.4422,-1.6288, ,3.77909e-13,2.72864e-10,1.60999e-07,1,4
-1.1796,-1.6114, ,8.74077e-11,6.21148e-07,1.26628e-07,0.999999,4
-1.3072,-1.158, ,1.05486e-07,7.58457e-05,0.000612929,0.999311,4
-1.0849,-1.567, ,1.39024e-09,2.18896e-05,2.88261e-07,0.999978,4
-1.0856,-1.502, ,5.15363e-09,6.97443e-05,1.00619e-06,0.999929,4
-1.4503,-1.9839, ,3.39388e-17,1.57372e-13,5.03299e-11,1,4
-1.5876,-1.4918, ,5.68149e-13,1.37677e-10,4.9887e-06,0.999995,4
-1.0736,-1.4201, ,3.26957e-08,0.00040254,4.54915e-06,0.999593,4
-1.2367,-1.6438, ,1.41884e-11,6.06176e-08,7.03193e-08,1,4
-1.3518,-1.285, ,4.15217e-09,2.43398e-06,8.59758e-05,0.999912,4
-1.0737,-1.4167, ,3.48841e-08,0.000425397,4.83698e-06,0.99957,4
-1.172,-1.6015, ,1.25546e-10,9.40922e-07,1.53386e-07,0.999999,4
-1.0569,-1.4193, ,4.45962e-08,0.000634526,4.5915e-06,0.999361,4
-1.0564,-1.5065, ,8.14173e-09,0.000143111,9.19692e-07,0.999856,4
-1.6443,-1.5521, ,4.28499e-14,1.35324e-11,1.97967e-06,0.999998,4
-1.2206,-1.732, ,2.54151e-12,1.59081e-08,1.0696e-08,1,4
-1.5027,-1.5441, ,8.70147e-13,3.37782e-10,1.1691e-06,0.999999,4
-0.92614,-1.3236, ,2.48162e-06,0.0722308,2.46703e-05,0.927742,4
-1.4861,-1.4802, ,5.31037e-12,1.71672e-09,3.90148e-06,0.999996,4
-1.183,-1.4628, ,2.0068e-09,9.57057e-06,2.29915e-06,0.999988,4
-1.1237,-1.4995, ,2.70025e-09,2.54649e-05,1.07766e-06,0.999973,4
-1.107,-1.4593, ,8.29598e-09,8.29882e-05,2.26214e-06,0.999915,4
-1.0857,-1.5703, ,1.2792e-09,2.01407e-05,2.70271e-07,0.99998,4
-1.3195,-1.5529, ,2.353e-11,3.44154e-08,5.275e-07,0.999999,4
-1.5709,-1.7062, ,4.0717e-15,3.25368e-12,5.07156e-08,1,4
-1.1109,-1.4926, ,3.92634e-09,4.11331e-05,1.21687e-06,0.999958,4
-0.98524,-1.4511, ,9.18681e-08,0.00243242,2.6445e-06,0.997565,4
-1.2091,-1.5904, ,7.97054e-11,3.97175e-07,2.00498e-07,0.999999,4
-1.161,-1.645, ,5.97263e-11,5.52528e-07,6.27687e-08,0.999999,4
-1.8707,-1.6916, ,9.45566e-18,7.19354e-15,4.10594e-07,1,4
-1.086,-1.4255, ,2.36412e-08,0.000263822,4.14987e-06,0.999732,4
-1.1978,-1.3652, ,1.15036e-08,3.73656e-05,1.40058e-05,0.999949,4
-1.3041,-1.7954, ,1.02005e-13,3.47286e-10,3.01539e-09,1,4
-1.1735,-1.6013, ,1.22559e-10,9.04278e-07,1.5424e-07,0.999999,4
-1.2363,-1.715, ,2.75731e-12,1.41586e-08,1.57159e-08,1,4
-1.0841,-1.5639, ,1.50458e-09,2.36996e-05,3.06215e-07,0.999976,4
-1.1345,-1.5403, ,9.4498e-10,8.86948e-06,4.9677e-07,0.999991,4
-1.3645,-1.8535, ,6.79201e-15,1.90843e-11,9.10314e-10,1,4
-1.1124,-1.5794, ,6.30116e-10,7.98695e-06,2.27938e-07,0.999992,4
-0.98304,-1.4547, ,8.98047e-08,0.00242757,2.48246e-06,0.99757,4
-1.4879,-1.8039, ,1.85625e-15,2.80747e-12,4.05163e-09,1,4
-1.243,-1.774, ,5.99232e-13,3.34016e-09,4.40823e-09,1,4
-1.1228,-1.5046, ,2.46986e-09,2.37927e-05,9.77503e-07,0.999975,4
-1.7533,-1.386, ,2.62352e-13,3.12485e-11,0.000108101,0.999892,4
-1.15,-1.6071, ,1.69178e-10,1.59878e-06,1.34364e-07,0.999998,4
-1.0508,-1.5258, ,6.19257e-09,0.000118595,6.38028e-07,0.999881,4
-1.3246,-1.2881, ,6.22811e-09,4.80199e-06,7.44579e-05,0.999921,4
-1.2983,-1.7588, ,2.80957e-13,8.96887e-10,6.71567e-09,1,4
-1.0808,-1.5263, ,3.44674e-09,5.14865e-05,6.3293e-07,0.999948,4
-1.1787,-1.6465, ,4.08659e-11,3.18447e-07,6.18313e-08,1,4
-1.2186,-1.6922, ,6.64351e-12,3.85528e-08,2.49326e-08,1,4
-1.0401,-1.4227, ,5.63514e-08,0.000931945,4.3117e-06,0.999064,4
-1.282,-1.72, ,9.90118e-13,3.28151e-09,1.51697e-08,1,4
-1.1445,-1.2447, ,2.88743e-07,0.00118106,0.000100671,0.998718,4
-1.2794,-1.6713, ,3.29548e-12,9.79226e-09,4.2605e-08,1,4
-1.4955,-1.1798, ,2.895e-09,3.79359e-07,0.000942002,0.999058,4
-1.5375,-1.7263, ,4.87649e-15,4.47594e-12,2.81404e-08,1,4
-1.2438,-1.7221, ,2.01092e-12,9.75373e-09,1.36389e-08,1,4
-0.98119,-1.4552, ,9.22819e-08,0.00252595,2.46443e-06,0.997471,4
-1.1176,-1.5463, ,1.14165e-09,1.27821e-05,4.37039e-07,0.999987,4
-1.0917,-1.5864, ,8.16298e-10,1.26154e-05,1.97121e-07,0.999987,4
-1.0766,-1.5773, ,1.32768e-09,2.28697e-05,2.35339e-07,0.999977,4
-1.1481,-1.1645, ,1.18191e-06,0.00386435,0.000366254,0.995768,4
-1.2258,-1.652, ,1.45079e-11,7.08159e-08,5.83908e-08,1,4
-1.1171,-1.5592, ,8.79761e-10,1.01992e-05,3.39795e-07,0.999989,4
-1.596,-1.3162, ,2.66805e-11,2.87689e-09,0.00014935,0.999851,4
-1.1125,-1.616, ,2.91223e-10,3.9842e-06,1.09924e-07,0.999996,4
-1.1345,-1.6327, ,1.31717e-10,1.5272e-06,7.92383e-08,0.999998,4
-1.4032,-1.3766, ,2.47052e-10,1.07785e-07,2.01091e-05,0.99998,4
-1.1144,-1.5579, ,9.51485e-10,1.12785e-05,3.48027e-07,0.999988,4
-1.1695,-1.6914, ,1.80353e-11,1.69923e-07,2.41198e-08,1,4
-1.1465,-1.5447, ,6.89418e-10,5.81363e-06,4.6066e-07,0.999994,4
-1.0047,-1.4643, ,4.93671e-08,0.00117704,2.04881e-06,0.998821,4
-1.4762,-1.665, ,7.94942e-14,5.8835e-11,8.43579e-08,1,4
-1.2225,-1.668, ,1.07278e-11,5.63718e-08,4.16623e-08,1,4
-1.3717,-1.8187, ,1.42087e-14,3.30419e-11,2.05465e-09,1,4
-1.1016,-1.4728, ,6.95324e-09,7.5686e-05,1.75407e-06,0.999923,4
-0.80835,-1.1895, ,2.4463e-05,0.874653,4.20763e-05,0.125281,2
-1.7632,-1.2553, ,4.37736e-12,2.60421e-10,0.00132618,0.998674,4
-1.096,-1.552, ,1.52645e-09,2.11197e-05,3.87286e-07,0.999978,4
-1.221,-1.6767, ,9.04917e-12,4.93362e-08,3.4657e-08,1,4
-1.2172,-1.7466, ,1.93935e-12,1.29847e-08,7.77312e-09,1,4
-1.162,-1.5715, ,2.91056e-10,2.24428e-06,2.76225e-07,0.999997,4
-1.1056,-1.5751, ,7.86224e-10,1.05012e-05,2.47384e-07,0.999989,4
-1.4433,-1.8971, ,4.1129e-16,1.13318e-12,4.01362e-10,1,4
-1.0076,-1.424, ,9.927e-08,0.0021258,4.24374e-06,0.99787,4
-1.1467,-1.6437, ,8.14938e-11,8.62576e-07,6.37889e-08,0.999999,4
-1.2518,-1.6612, ,7.11229e-12,2.71914e-08,5.01671e-08,1,4
-1.1929,-1.5642, ,1.91907e-10,1.06054e-06,3.30645e-07,0.999999,4
-1.0966,-1.5871, ,7.30324e-10,1.08354e-05,1.9464e-07,0.999989,4
-1.1211,-1.517, ,1.9701e-09,1.98862e-05,7.70631e-07,0.999979,4
-1.2771,-1.5112, ,1.30741e-10,2.64592e-07,1.08482e-06,0.999999,4
-1.4074,-1.8975, ,8.75564e-16,2.59306e-12,3.60891e-10,1,4
-1.1565,-1.5636, ,3.82367e-10,3.05633e-06,3.21112e-07,0.999997,4
-1.1709,-1.6681, ,2.94632e-11,2.60486e-07,3.92834e-08,1,4
-1.1707,-1.6825, ,2.14666e-11,1.96209e-07,2.90933e-08,1,4
-1.3475,-1.5638, ,1.08415e-11,1.2521e-08,4.56441e-07,1,4
-1.1952,-1.6462, ,2.9865e-11,1.96833e-07,6.33083e-08,1,4
-1.4205,-1.3298, ,4.90773e-10,1.65381e-07,5.03e-05,0.99995,4
-1.2232,-1.7367, ,2.16117e-12,1.33331e-08,9.69541e-09,1,4
-1.254,-1.7053, ,2.4378e-12,1.02229e-08,1.98416e-08,1,4
-1.1781,-1.6261, ,6.50125e-11,4.85821e-07,9.38194e-08,0.999999,4
-1.234,-1.4404, ,1.30282e-09,3.48754e-06,3.81381e-06,0.999993,4
-1.0927,-1.5462, ,1.83176e-09,2.57648e-05,4.32927e-07,0.999974,4
-1.5851,-1.386, ,6.89452e-12,1.0272e-09,3.84959e-05,0.999962,4
-1.3385,-1.816, ,3.01627e-14,8.49179e-11,2.02835e-09,1,4
-1.0755,-1.516, ,4.69121e-09,7.16896e-05,7.69496e-07,0.999928,4
-1.1595,-1.5909, ,2.0049e-10,1.66076e-06,1.87404e-07,0.999998,4
-1.324,-1.5675, ,1.55195e-11,2.25677e-08,3.98193e-07,1,4
-1.1145,-1.609, ,3.2441e-10,4.29809e-06,1.26611e-07,0.999996,4
-1.0097,-1.4614, ,4.73556e-08,0.00108343,2.1542e-06,0.998914,4
-1.234,-1.5071, ,3.13353e-10,9.82335e-07,1.07627e-06,0.999998,4
-1.1576,-1.582, ,2.5198e-10,2.08245e-06,2.2337e-07,0.999998,4
-1.0749,-1.5582, ,2.02285e-09,3.40308e-05,3.4176e-07,0.999966,4
-1.4343,-2.0169, ,1.95646e-17,1.11974e-13,2.13381e-11,1,4
-1.3274,-1.2775, ,7.34897e-09,5.39955e-06,9.02172e-05,0.999904,4
-1.0878,-1.5547, ,1.69037e-09,2.52922e-05,3.66603e-07,0.999974,4
-1.4142,-1.4216, ,7.60745e-11,3.36671e-08,9.05927e-06,0.999991,4
-1.8245,-1.447, ,1.43036e-14,2.36904e-12,5.42217e-05,0.999946,4
-1.2136,-1.6543, ,1.74241e-11,9.69964e-08,5.47596e-08,1,4
-1.2278,-1.603, ,4.23432e-11,1.79156e-07,1.59858e-07,1,4
-1.5464,-1.4517, ,3.22397e-12,7.19528e-10,8.95506e-06,0.999991,4
-0.97971,-1.4274, ,1.57276e-07,0.00412049,4.0691e-06,0.995875,4
-1.0103,-1.4839, ,3.06446e-08,0.000730125,1.423e-06,0.999268,4
-1.0805,-1.5819, ,1.11848e-09,1.8824e-05,2.15049e-07,0.999981,4
-1.0508,-1.5095, ,8.53954e-09,0.000158107,8.69306e-07,0.999841,4
-1.1041,-1.5622, ,1.05851e-09,1.39288e-05,3.18431e-07,0.999986,4
-1.5214,-1.3283, ,8.14757e-11,1.29314e-08,8.08968e-05,0.999919,4
-1.3702,-1.9038, ,1.64101e-15,5.6568e-12,2.84961e-10,1,4
-1.1078,-1.6219, ,2.82653e-10,4.07643e-06,9.74548e-08,0.999996,4
-1.2427,-1.7299, ,1.71118e-12,8.55984e-09,1.15135e-08,1,4
-1.1491,-1.6406, ,8.31411e-11,8.54421e-07,6.80761e-08,0.999999,4
-1.143,-1.5514, ,6.38079e-10,5.66105e-06,4.02999e-07,0.999994,4
-1.0636,-1.4608, ,1.757e-08,0.000261428,2.15871e-06,0.999736,4
-1.6929,-1.6767, ,6.69845e-16,4.45519e-13,1.80859e-07,1,4
-1.1548,-1.5521, ,5.0493e-10,3.99197e-06,4.01776e-07,0.999996,4
-1.0889,-1.4547, ,1.2569e-08,0.000147053,2.43668e-06,0.99985,4
-1.0392,-1.4242, ,5.56463e-08,0.00093056,4.19695e-06,0.999065,4
-0.94537,-1.3804, ,6.8847e-07,0.0202554,9.57615e-06,0.979734,4
-1.4499,-1.5098, ,5.36495e-12,2.3703e-09,1.8808e-06,0.999998,4
-1.2514,-1.3377, ,8.01524e-09,1.4258e-05,2.55184e-05,0.99996,4
-1.2144,-1.6296, ,3.00048e-11,1.55883e-07,9.11984e-08,1,4
-1.2303,-1.5851, ,6.03172e-11,2.37825e-07,2.30246e-07,1,4
-1.1721,-1.6185, ,8.62747e-11,6.72637e-07,1.08834e-07,0.999999,4
-1.2811,-1.7701, ,3.02307e-13,1.16596e-09,5.08135e-09,1,4
-0.96911,-1.438, ,1.59462e-07,0.00455538,3.40293e-06,0.995441,4
-1.5104,-1.289, ,2.31674e-10,3.51208e-08,0.000155286,0.999845,4
-1.4458,-1.4928, ,8.56267e-12,3.66963e-09,2.58988e-06,0.999997,4
-1.572,-1.6349, ,2.40708e-14,1.27278e-11,2.39948e-07,1,4
-1.1678,-1.5723, ,2.56662e-10,1.87034e-06,2.73491e-07,0.999998,4
-1.1121,-1.5028, ,3.11559e-09,3.3091e-05,1.00406e-06,0.999966,4
-1.4195,-1.4752, ,2.09381e-11,1.02711e-08,3.31142e-06,0.999997,4
-1.5583,-1.3675, ,1.73335e-11,2.62882e-09,4.73233e-05,0.999953,4
-0.99229,-1.3858, ,2.65391e-07,0.00581743,8.3977e-06,0.994174,4
-0.88546,-1.2971, ,6.81145e-06,0.230207,3.49698e-05,0.769752,4
-1.3144,-1.44, ,3.13103e-10,3.67446e-07,4.64559e-06,0.999995,4
-1.0086,-1.381, ,2.16635e-07,0.00415604,9.07094e-06,0.995835,4
-1.266,-1.3883, ,2.20738e-09,3.77989e-06,1.06756e-05,0.999986,4
-1.1597,-1.6515, ,5.31122e-11,5.04805e-07,5.4865e-08,0.999999,4
cognitive rate =,0.99625
1,1459.24
2,1080.67
3,824.918
4,589.81
5,431.508
6,325.618
7,258.58
8,241.875
9,250.18
10,405.779
11,149.246
12,152.76
13,523.076
14,148.68
15,147.876
16,398.725
17,105.203
18,148.53
19,234.191
20,69.1174
21,67.0304
22,187.261
23,53.9748
24,49.3933
25,48.8925
26,108.81
27,47.4395
28,125.802
29,38.8365
30,54.457
31,62.5486
32,94.8583
33,35.1093
34,61.8502
35,41.7434
36,73.0967
37,32.8985
38,57.4997
39,34.5824
40,55.4282
41,31.7806
42,48.801
43,31.0911
44,44.0877
45,29.9345
46,39.8318
47,28.8428
48,36.2285
49,27.7025
50,33.1807
51,26.5306
52,30.6026
53,25.3476
54,28.4062
55,24.1794
56,26.5136
57,23.0483
58,24.8613
59,21.9699
60,23.4004
61,20.9527
62,22.0946
63,19.9997
64,20.9169
65,19.1106
66,19.8476
67,18.283
68,18.8715
69,17.5137
70,17.9773
71,16.7989
72,17.156
73,16.1347
74,16.4003
75,15.5175
76,15.7045
77,14.9437
78,15.0635
79,14.4101
80,14.4731
81,13.914
82,13.9296
83,13.4527
84,13.4297
85,13.024
86,12.9705
87,12.626
88,12.5495
89,12.2573
90,12.1645
91,11.9166
92,11.8136
93,11.6031
94,11.4952
95,11.316
96,11.2077
97,11.0549
98,10.9497
99,10.8192
100,10.7198
101,10.608
102,10.5163
103,10.4202
104,10.3371
105,10.2542
106,10.1797
107,10.1079
108,10.0415
109,9.97849
110,9.91922
111,9.86333
112,9.81004
113,9.75967
114,9.7112
115,9.6651
116,9.62045
117,9.57767
118,9.53604
119,9.4959
120,9.45673
121,9.41876
122,9.38165
123,9.34553
124,9.3102
125,9.27573
126,9.24199
127,9.20902
128,9.17673
129,9.14514
130,9.11419
131,9.08388
132,9.05418
133,9.02508
134,8.99655
135,8.96857
136,8.94113
137,8.91422
138,8.88781
139,8.8619
140,8.83646
141,8.81149
142,8.78697
143,8.76289
144,8.73924
145,8.716
146,8.69316
147,8.67072
148,8.64866
149,8.62697
150,8.60564
151,8.58467
152,8.56404
153,8.54374
154,8.52378
155,8.50413
156,8.48479
157,8.46575
158,8.44701
159,8.42856
160,8.41039
161,8.39249
162,8.37486
163,8.3575
164,8.34039
165,8.32353
166,8.30692
167,8.29055
168,8.27441
169,8.25849
170,8.24281
171,8.22734
172,8.21208
173,8.19704
174,8.1822
175,8.16756
176,8.15312
177,8.13887
178,8.12481
179,8.11093
180,8.09723
181,8.08371
182,8.07037
183,8.0572
184,8.04419
185,8.03134
186,8.01866
187,8.00613
188,7.99376
189,7.98154
190,7.96947
191,7.95755
192,7.94576
193,7.93412
194,7.92262
195,7.91125
196,7.90001
197,7.88891
198,7.87793
199,7.86708
200,7.85635
201,7.84575
202,7.83526
203,7.82489
204,7.81463
205,7.80449
206,7.79446
207,7.78454
208,7.77473
209,7.76502
210,7.75542
211,7.74592
212,7.73652
213,7.72722
214,7.71802
215,7.70891
216,7.69989
217,7.69097
218,7.68214
219,7.6734
220,7.66475
221,7.65619
222,7.64771
223,7.63932
224,7.631
225,7.62278
226,7.61463
227,7.60656
228,7.59857
229,7.59065
230,7.58281
231,7.57505
232,7.56736
233,7.55974
234,7.55219
235,7.54472
236,7.53731
237,7.52997
238,7.5227
239,7.51549
240,7.50836
241,7.50128
242,7.49427
243,7.48732
244,7.48043
245,7.47361
246,7.46684
247,7.46014
248,7.45349
249,7.4469
250,7.44037
251,7.43389
252,7.42747
253,7.42111
254,7.41479
255,7.40853
256,7.40233
257,7.39617
258,7.39007
259,7.38402
260,7.37801
261,7.37206
262,7.36615
263,7.3603
264,7.35449
265,7.34872
266,7.34301
267,7.33734
268,7.33171
269,7.32613
270,7.32059
271,7.3151
272,7.30965
273,7.30424
274,7.29887
275,7.29354
276,7.28826
277,7.28301
278,7.27781
279,7.27264
280,7.26751
281,7.26243
282,7.25738
283,7.25236
284,7.24739
285,7.24245
286,7.23754
287,7.23268
288,7.22784
289,7.22305
290,7.21829
291,7.21356
292,7.20886
293,7.2042
294,7.19957
295,7.19498
296,7.19042
297,7.18589
298,7.18139
299,7.17692
300,7.17248
301,7.16807
302,7.1637
303,7.15935
304,7.15504
305,7.15075
306,7.14649
307,7.14226
308,7.13806
309,7.13388
310,7.12974
311,7.12562
312,7.12153
313,7.11746
314,7.11343
315,7.10941
316,7.10543
317,7.10147
318,7.09753
319,7.09363
320,7.08974
321,7.08588
322,7.08205
323,7.07824
324,7.07445
325,7.07069
326,7.06695
327,7.06323
328,7.05954
329,7.05587
330,7.05222
331,7.04859
332,7.04499
333,7.04141
334,7.03785
335,7.03431
336,7.03079
337,7.0273
338,7.02382
339,7.02037
340,7.01693
341,7.01352
342,7.01013
343,7.00675
344,7.0034
345,7.00007
346,6.99675
347,6.99345
348,6.99018
349,6.98692
350,6.98368
351,6.98046
352,6.97725
353,6.97407
354,6.9709
355,6.96775
356,6.96462
357,6.96151
358,6.95841
359,6.95533
360,6.95227
361,6.94922
362,6.94619
363,6.94318
364,6.94019
365,6.93721
366,6.93424
367,6.93129
368,6.92836
369,6.92545
370,6.92254
371,6.91966
372,6.91679
373,6.91393
374,6.91109
375,6.90827
376,6.90546
377,6.90266
378,6.89988
379,6.89711
380,6.89436
381,6.89162
382,6.8889
383,6.88619
384,6.88349
385,6.88081
386,6.87814
387,6.87548
388,6.87284
389,6.87021
390,6.86759
391,6.86499
392,6.8624
393,6.85982
394,6.85725
395,6.8547
396,6.85216
397,6.84963
398,6.84711
399,6.84461
400,6.84212
401,6.83964
402,6.83717
403,6.83472
404,6.83227
405,6.82984
406,6.82742
407,6.82501
408,6.82261
409,6.82022
410,6.81785
411,6.81548
412,6.81313
413,6.81078
414,6.80845
415,6.80613
416,6.80382
417,6.80152
418,6.79923
419,6.79695
420,6.79468
421,6.79242
422,6.79017
423,6.78793
424,6.7857
425,6.78348
426,6.78127
427,6.77907
428,6.77689
429,6.77471
430,6.77253
431,6.77037
432,6.76822
433,6.76608
434,6.76395
435,6.76182
436,6.75971
437,6.7576
438,6.75551
439,6.75342
440,6.75134
441,6.74927
442,6.74721
443,6.74516
444,6.74311
445,6.74108
446,6.73905
447,6.73703
448,6.73502
449,6.73302
450,6.73103
451,6.72904
452,6.72706
453,6.72509
454,6.72313
455,6.72118
456,6.71923
457,6.7173
458,6.71537
459,6.71345
460,6.71153
461,6.70962
462,6.70773
463,6.70583
464,6.70395
465,6.70207
466,6.70021
467,6.69834
468,6.69649
469,6.69464
470,6.6928
471,6.69097
472,6.68914
473,6.68732
474,6.68551
475,6.68371
476,6.68191
477,6.68012
478,6.67833
479,6.67656
480,6.67478
481,6.67302
482,6.67126
483,6.66951
484,6.66777
485,6.66603
486,6.6643
487,6.66257
488,6.66085
489,6.65914
490,6.65743
491,6.65573
492,6.65404
493,6.65235
494,6.65067
495,6.649
496,6.64733
497,6.64566
498,6.64401
499,6.64235
500,6.64071
